"species","class","order","family","source"
"Ameivula abaetensis","Reptilia","Squamata","Teiidae","faunabr"
"Cerradomys maracajuensis","Mammalia","Rodentia","Cricetidae","faunabr"
"Callicebus pallescens","Mammalia","Primates","Pitheciidae","faunabr"
"Oligoryzomys rupestris","Mammalia","Rodentia","Cricetidae","faunabr"
"Leptodactylus viridis","Amphibia","Anura","Leptodactylidae","faunabr"
"Mico melanurus","Mammalia","Primates","Cebidae","faunabr"
"Rhipidomys emiliae","Mammalia","Rodentia","Cricetidae","faunabr"
"Marmosops ocellatus","Mammalia","Didelphimorphia","Didelphidae","faunabr"
"Amphisbaena bedai","Reptilia","Squamata","Amphisbaenidae","faunabr"
"Phalotris concolor","Reptilia","Squamata","Dipsadidae","faunabr"
"Psomophis obtusus","Reptilia","Squamata","Dipsadidae","faunabr"
"Coendou prehensilis","Mammalia","Rodentia","Erethizontidae","faunabr"
"Lionycteris spurrelli","Mammalia","Chiroptera","Phyllostomidae","faunabr"
"Euryoryzomys lamia","Mammalia","Rodentia","Cricetidae","faunabr"
"Amphisbaena maranhensis","Reptilia","Squamata","Amphisbaenidae","faunabr"
"Cyclopes didactylus","Mammalia","Pilosa","Cyclopedidae","faunabr"
"Deltamys kempi","Mammalia","Rodentia","Cricetidae","faunabr"
"Sapajus xanthosternos","Mammalia","Primates","Cebidae","faunabr"
"Marmosa paraguayana","Mammalia","Didelphimorphia","Didelphidae","faunabr"
"Leptodactylus mystaceus","Amphibia","Anura","Leptodactylidae","faunabr"
"Siphlophis pulcher","Reptilia","Squamata","Dipsadidae","faunabr"
"Hylaeamys yunganus","Mammalia","Rodentia","Cricetidae","faunabr"
"Calomys callosus","Mammalia","Rodentia","Cricetidae","faunabr"
"Philander opossum","Mammalia","Didelphimorphia","Didelphidae","faunabr"
"Trinomys setosus","Mammalia","Rodentia","Echimyidae","faunabr"
"Dermochelys coriacea","Reptilia","Testudines","Dermochelyidae","faunabr"
"Callicebus nigrifrons","Mammalia","Primates","Pitheciidae","faunabr"
"Paleosuchus palpebrosus","Reptilia","Crocodylia","Alligatoridae","faunabr"
"Oecomys cleberi","Mammalia","Rodentia","Cricetidae","faunabr"
"Leptodactylus cupreus","Amphibia","Anura","Leptodactylidae","faunabr"
"Siphlophis leucocephalus","Reptilia","Squamata","Dipsadidae","faunabr"
"Makalata didelphoides","Mammalia","Rodentia","Echimyidae","faunabr"
"Thamnodynastes rutilus","Reptilia","Squamata","Dipsadidae","faunabr"
"Gastrotheca flamma","Amphibia","Anura","Hemiphractidae","faunabr"
"Trinomys yonenagae","Mammalia","Rodentia","Echimyidae","faunabr"
"Amphisbaena dubia","Reptilia","Squamata","Amphisbaenidae","faunabr"
"Melanophryniscus admirabilis","Amphibia","Anura","Bufonidae","faunabr"
"Micrurus silviae","Reptilia","Squamata","Elapidae","faunabr"
"Amphisbaena littoralis","Reptilia","Squamata","Amphisbaenidae","faunabr"
"Chelus fimbriatus","Reptilia","Testudines","Chelidae","faunabr"
"Callicebus coimbrai","Mammalia","Primates","Pitheciidae","faunabr"
"Artibeus bogotensis","Mammalia","Chiroptera","Phyllostomidae","faunabr"
"Oligoryzomys chacoensis","Mammalia","Rodentia","Cricetidae","faunabr"
"Rhinella azarai","Amphibia","Anura","Bufonidae","faunabr"
"Saguinus ursula","Mammalia","Primates","Cebidae","faunabr"
"Thrichomys inermis","Mammalia","Rodentia","Echimyidae","faunabr"
"Phalotris nasutus","Reptilia","Squamata","Dipsadidae","faunabr"
"Leptodactylus natalensis","Amphibia","Anura","Leptodactylidae","faunabr"
"Phyllomys unicolor","Mammalia","Rodentia","Echimyidae","faunabr"
"Amphisbaena silvestrii","Reptilia","Squamata","Amphisbaenidae","faunabr"
"Amphisbaena leeseri","Reptilia","Squamata","Amphisbaenidae","faunabr"
"Marmosops bishopi","Mammalia","Didelphimorphia","Didelphidae","faunabr"
"Elapomorphus wuchereri","Reptilia","Squamata","Dipsadidae","faunabr"
"Phyllomys kerri","Mammalia","Rodentia","Echimyidae","faunabr"
"Taeniophallus brevirostris","Reptilia","Squamata","Dipsadidae","faunabr"
"Amphisbaena talisiae","Reptilia","Squamata","Amphisbaenidae","faunabr"
"Hylaeamys seuanezi","Mammalia","Rodentia","Cricetidae","faunabr"
"Didelphis marsupialis","Mammalia","Didelphimorphia","Didelphidae","faunabr"
"Platyrrhinus incarum","Mammalia","Chiroptera","Phyllostomidae","faunabr"
"Aplastodiscus eugenioi","Amphibia","Anura","Hylidae","faunabr"
"Aplastodiscus weygoldti","Amphibia","Anura","Hylidae","faunabr"
"Leposternon polystegum","Reptilia","Squamata","Amphisbaenidae","faunabr"
"Amphisbaena arenaria","Reptilia","Squamata","Amphisbaenidae","faunabr"
"Amphisbaena vermicularis","Reptilia","Squamata","Amphisbaenidae","faunabr"
"Tupinambis quadrilineatus","Reptilia","Squamata","Teiidae","faunabr"
"Apostolepis tertulianobeui","Reptilia","Squamata","Dipsadidae","faunabr"
"Lioheterophis iheringii","Reptilia","Squamata","Dipsadidae","faunabr"
"Guerlinguetus aestuans","Mammalia","Rodentia","Sciuridae","faunabr"
"Gastrotheca fissipes","Amphibia","Anura","Hemiphractidae","faunabr"
"Leopardus tigrinus","Mammalia","Carnivora","Felidae","faunabr"
"Akodon reigi","Mammalia","Rodentia","Cricetidae","faunabr"
"Cebus kaapori","Mammalia","Primates","Cebidae","faunabr"
"Callicebus barbarabrownae","Mammalia","Primates","Pitheciidae","faunabr"
"Rhipidomys tribei","Mammalia","Rodentia","Cricetidae","faunabr"
"Oxybelis aeneus","Reptilia","Squamata","Colubridae","faunabr"
"Ctenomys minutus","Mammalia","Rodentia","Ctenomyidae","faunabr"
"Micrurus tricolor","Reptilia","Squamata","Elapidae","faunabr"
"Natalus macrourus","Mammalia","Chiroptera","Natalidae","faunabr"
"Leptodactylus syphax","Amphibia","Anura","Leptodactylidae","faunabr"
"Callithrix geoffroyi","Mammalia","Primates","Cebidae","faunabr"
"Amphisbaena miringoera","Reptilia","Squamata","Amphisbaenidae","faunabr"
"Saccopteryx leptura","Mammalia","Chiroptera","Emballonuridae","faunabr"
"Micrurus pyrrhocryptus","Reptilia","Squamata","Elapidae","faunabr"
"Trinomys moojeni","Mammalia","Rodentia","Echimyidae","faunabr"
"Gracilinanus microtarsus","Mammalia","Didelphimorphia","Didelphidae","faunabr"
"Ctenomys flamarioni","Mammalia","Rodentia","Ctenomyidae","faunabr"
"Rhipidomys cariri","Mammalia","Rodentia","Cricetidae","faunabr"
"Thylamys velutinus","Mammalia","Didelphimorphia","Didelphidae","faunabr"
"Helicops angulatus","Reptilia","Squamata","Dipsadidae","faunabr"
"Lonchophylla dekeyseri","Mammalia","Chiroptera","Phyllostomidae","faunabr"
"Pithecopus nordestinus","Amphibia","Anura","Hylidae","faunabr"
"Bothrops otavioi","Reptilia","Squamata","Viperidae","faunabr"
"Dracaena paraguayensis","Reptilia","Squamata","Teiidae","faunabr"
"Phyllomys thomasi","Mammalia","Rodentia","Echimyidae","faunabr"
"Tupinambis palustris","Reptilia","Squamata","Teiidae","faunabr"
"Phyllomys mantiqueirensis","Mammalia","Rodentia","Echimyidae","faunabr"
"Trilepida brasiliensis","Reptilia","Squamata","Leptotyphlopidae","faunabr"
"Amphisbaena leucocephala","Reptilia","Squamata","Amphisbaenidae","faunabr"
"Tolypeutes tricinctus","Mammalia","Cingulata","Chlamyphoridae","faunabr"
"Molossus pretiosus","Mammalia","Chiroptera","Molossidae","faunabr"
"Micrurus filiformis","Reptilia","Squamata","Elapidae","faunabr"
"Leptodactylus pustulatus","Amphibia","Anura","Leptodactylidae","faunabr"
"Simophis rhinostoma","Reptilia","Squamata","Colubridae","faunabr"
"Callithrix flaviceps","Mammalia","Primates","Cebidae","faunabr"
"Rhynchonycteris naso","Mammalia","Chiroptera","Emballonuridae","faunabr"
"Leontopithecus rosalia","Mammalia","Primates","Cebidae","faunabr"
"Amphisbaena redleyi","Reptilia","Squamata","Amphisbaenidae","faunabr"
"Hydrodynastes bicinctus","Reptilia","Squamata","Dipsadidae","faunabr"
"Siagonodon septemstriatus","Reptilia","Squamata","Leptotyphlopidae","faunabr"
"Thalpomys lasiotis","Mammalia","Rodentia","Cricetidae","faunabr"
"Juliomys rimofrons","Mammalia","Rodentia","Cricetidae","faunabr"
"Monodelphis scalops","Mammalia","Didelphimorphia","Didelphidae","faunabr"
"Bothrops leucurus","Reptilia","Squamata","Viperidae","faunabr"
"Liotyphlops caissara","Reptilia","Squamata","Anomalepididae","faunabr"
"Tropidophis paucisquamis","Reptilia","Squamata","Tropidophiidae","faunabr"
"Monodelphis dimidiata","Mammalia","Didelphimorphia","Didelphidae","faunabr"
"Leptodactylus latinasus","Amphibia","Anura","Leptodactylidae","faunabr"
"Bothrops fonsecai","Reptilia","Squamata","Viperidae","faunabr"
"Brachycephalus bufonoides","Amphibia","Anura","Brachycephalidae","faunabr"
"Holochilus chacarius","Mammalia","Rodentia","Cricetidae","faunabr"
"Adenomera ajurauna","Amphibia","Anura","Leptodactylidae","faunabr"
"Liotyphlops schubarti","Reptilia","Squamata","Anomalepididae","faunabr"
"Amphisbaena frontalis","Reptilia","Squamata","Amphisbaenidae","faunabr"
"Amphisbaena carli","Reptilia","Squamata","Amphisbaenidae","faunabr"
"Fritziana goeldii","Amphibia","Anura","Hemiphractidae","faunabr"
"Phyllostomus elongatus","Mammalia","Chiroptera","Phyllostomidae","faunabr"
"Liotyphlops wilderi","Reptilia","Squamata","Anomalepididae","faunabr"
"Bothrops pirajai","Reptilia","Squamata","Viperidae","faunabr"
"Hylaeamys oniscus","Mammalia","Rodentia","Cricetidae","faunabr"
"Adenomera juikitam","Amphibia","Anura","Leptodactylidae","faunabr"
"Cerradomys goytaca","Mammalia","Rodentia","Cricetidae","faunabr"
"Bradypus torquatus","Mammalia","Pilosa","Bradypodidae","faunabr"
"Micrurus ibiboboca","Reptilia","Squamata","Elapidae","faunabr"
"Caluromys philander","Mammalia","Didelphimorphia","Didelphidae","faunabr"
"Echinanthera cephalomaculata","Reptilia","Squamata","Dipsadidae","faunabr"
"Allophryne relicta","Amphibia","Anura","Allophrynidae","faunabr"
"Trachemys adiutrix","Reptilia","Testudines","Emydidae","faunabr"
"Trilepida salgueiroi","Reptilia","Squamata","Leptotyphlopidae","faunabr"
"Calomys tener","Mammalia","Rodentia","Cricetidae","faunabr"
"Trinomys eliasi","Mammalia","Rodentia","Echimyidae","faunabr"
"Phyllomys lundi","Mammalia","Rodentia","Echimyidae","faunabr"
"Philodryas viridissima","Reptilia","Squamata","Dipsadidae","faunabr"
"Oxybelis fulgidus","Reptilia","Squamata","Colubridae","faunabr"
"Brachycephalus alipioi","Amphibia","Anura","Brachycephalidae","faunabr"
"Callithrix kuhlii","Mammalia","Primates","Cebidae","faunabr"
"Amphisbaena wiedi","Reptilia","Squamata","Amphisbaenidae","faunabr"
"Dendrophidion atlantica","Reptilia","Squamata","Colubridae","faunabr"
"Dipsas catesbyi","Reptilia","Squamata","Dipsadidae","faunabr"
"Micrurus brasiliensis","Reptilia","Squamata","Elapidae","faunabr"
"Pithecopus ayeaye","Amphibia","Anura","Hylidae","faunabr"
"Hylomantis granulosa","Amphibia","Anura","Hylidae","faunabr"
"Phyllomys pattoni","Mammalia","Rodentia","Echimyidae","faunabr"
"Trilepida jani","Reptilia","Squamata","Leptotyphlopidae","faunabr"
"Amphisbaena fuliginosa","Reptilia","Squamata","Amphisbaenidae","faunabr"
"Leptodactylus cunicularius","Amphibia","Anura","Leptodactylidae","faunabr"
"Trinycteris nicefori","Mammalia","Chiroptera","Phyllostomidae","faunabr"
"Echinanthera melanostigma","Reptilia","Squamata","Dipsadidae","faunabr"
"Thyroptera devivoi","Mammalia","Chiroptera","Thyropteridae","faunabr"
"Aotus azarae","Mammalia","Primates","Cebidae","faunabr"
"Oecomys trinitatis","Mammalia","Rodentia","Cricetidae","faunabr"
"Reithrodon typicus","Mammalia","Rodentia","Cricetidae","faunabr"
"Ameivula cyanura","Reptilia","Squamata","Teiidae","faunabr"
"Acanthochelys radiolata","Reptilia","Testudines","Chelidae","faunabr"
"Cryptonanus agricolai","Mammalia","Didelphimorphia","Didelphidae","faunabr"
"Bothrops marajoensis","Reptilia","Squamata","Viperidae","faunabr"
"Bothrops lutzi","Reptilia","Squamata","Viperidae","faunabr"
"Chiropotes satanas","Mammalia","Primates","Pitheciidae","faunabr"
"Diclidurus scutatus","Mammalia","Chiroptera","Emballonuridae","faunabr"
"Oligoryzomys moojeni","Mammalia","Rodentia","Cricetidae","faunabr"
"Leposternon cerradensis","Reptilia","Squamata","Amphisbaenidae","faunabr"
"Kunsia tomentosus","Mammalia","Rodentia","Cricetidae","faunabr"
"Leposternon octostegum","Reptilia","Squamata","Amphisbaenidae","faunabr"
"Dicotyles tajacu","Mammalia","Artiodactyla","Tayassuidae","faunabr"
"Amphisbaena anomala","Reptilia","Squamata","Amphisbaenidae","faunabr"
"Thrichomys laurentius","Mammalia","Rodentia","Echimyidae","faunabr"
"Leontopithecus chrysomelas","Mammalia","Primates","Cebidae","faunabr"
"Chaetomys subspinosus","Mammalia","Rodentia","Erethizontidae","faunabr"
"Bothrops erythromelas","Reptilia","Squamata","Viperidae","faunabr"
"Vampyriscus bidens","Mammalia","Chiroptera","Phyllostomidae","faunabr"
"Siphlophis longicaudatus","Reptilia","Squamata","Dipsadidae","faunabr"
"Choeroniscus minor","Mammalia","Chiroptera","Phyllostomidae","faunabr"
"Amphisbaena heathi","Reptilia","Squamata","Amphisbaenidae","faunabr"
"Acanthochelys macrocephala","Reptilia","Testudines","Chelidae","faunabr"
"Pithecopus hypochondrialis","Amphibia","Anura","Hylidae","faunabr"
"Dasypus novemcinctus","Mammalia","Cingulata","Dasypodidae","faunabr"
"Apostolepis longicaudata","Reptilia","Squamata","Dipsadidae","faunabr"
"Artibeus gnomus","Mammalia","Chiroptera","Phyllostomidae","faunabr"
"Makalata obscura","Mammalia","Rodentia","Echimyidae","faunabr"
"Leptodactylus camaquara","Amphibia","Anura","Leptodactylidae","faunabr"
"Phyllomys brasiliensis","Mammalia","Rodentia","Echimyidae","faunabr"
"Callithrix aurita","Mammalia","Primates","Cebidae","faunabr"
"Lepidochelys olivacea","Reptilia","Testudines","Cheloniidae","faunabr"
"Leptodactylus sertanejo","Amphibia","Anura","Leptodactylidae","faunabr"
"Epictia vellardi","Reptilia","Squamata","Leptotyphlopidae","faunabr"
"Amphisbaena steindachneri","Reptilia","Squamata","Amphisbaenidae","faunabr"
"Imantodes cenchoa","Reptilia","Squamata","Dipsadidae","faunabr"
"Adenomera engelsi","Amphibia","Anura","Leptodactylidae","faunabr"
"Hydrops martii","Reptilia","Squamata","Dipsadidae","faunabr"
"Amphisbaena amazonica","Reptilia","Squamata","Amphisbaenidae","faunabr"
"Epictia munoai","Reptilia","Squamata","Leptotyphlopidae","faunabr"
"Marmosa constantiae","Mammalia","Didelphimorphia","Didelphidae","faunabr"
"Adenomera hylaedactyla","Amphibia","Anura","Leptodactylidae","faunabr"
"Calomys callidus","Mammalia","Rodentia","Cricetidae","faunabr"
"Brucepattersonius griserufescens","Mammalia","Rodentia","Cricetidae","faunabr"
"Oecomys bicolor","Mammalia","Rodentia","Cricetidae","faunabr"
"Cerradomys langguthi","Mammalia","Rodentia","Cricetidae","faunabr"
"Cerradomys vivoi","Mammalia","Rodentia","Cricetidae","faunabr"
"Marmosops incanus","Mammalia","Didelphimorphia","Didelphidae","faunabr"
"Thamnodynastes longicaudus","Reptilia","Squamata","Dipsadidae","faunabr"
"Monodelphis kunsi","Mammalia","Didelphimorphia","Didelphidae","faunabr"
"Amphisbaena hogei","Reptilia","Squamata","Amphisbaenidae","faunabr"
"Gastrotheca albolineata","Amphibia","Anura","Hemiphractidae","faunabr"
"Dasypus septemcinctus","Mammalia","Cingulata","Dasypodidae","faunabr"
"Fritziana ohausi","Amphibia","Anura","Hemiphractidae","faunabr"
"Adenomera cotuba","Amphibia","Anura","Leptodactylidae","faunabr"
"Euryoryzomys nitidus","Mammalia","Rodentia","Cricetidae","faunabr"
"Amphisbaena supernumeraria","Reptilia","Squamata","Amphisbaenidae","faunabr"
"Thyroptera wynneae","Mammalia","Chiroptera","Thyropteridae","faunabr"
"Phalotris lativittatus","Reptilia","Squamata","Dipsadidae","faunabr"
"Apostolepis nelsonjorgei","Reptilia","Squamata","Dipsadidae","faunabr"
"Leposternon maximus","Reptilia","Squamata","Amphisbaenidae","faunabr"
"Clyomys laticeps","Mammalia","Rodentia","Echimyidae","faunabr"
"Psomophis genimaculatus","Reptilia","Squamata","Dipsadidae","faunabr"
"Wiedomys pyrrhorhinos","Mammalia","Rodentia","Cricetidae","faunabr"
"Rhagomys rufescens","Mammalia","Rodentia","Cricetidae","faunabr"
"Tantilla marcovani","Reptilia","Squamata","Colubridae","faunabr"
"Aplastodiscus flumineus","Amphibia","Anura","Hylidae","faunabr"
"Adenomera diptyx","Amphibia","Anura","Leptodactylidae","faunabr"
"Tropidophis grapiuna","Reptilia","Squamata","Tropidophiidae","faunabr"
"Apostolepis nigrolineata","Reptilia","Squamata","Dipsadidae","faunabr"
"Pipa carvalhoi","Amphibia","Anura","Pipidae","faunabr"
"Thrichomys pachyurus","Mammalia","Rodentia","Echimyidae","faunabr"
"Akodon sanctipaulensis","Mammalia","Rodentia","Cricetidae","faunabr"
"Cavia intermedia","Mammalia","Rodentia","Caviidae","faunabr"
"Cerradomys scotti","Mammalia","Rodentia","Cricetidae","faunabr"
"Bothrops atrox","Reptilia","Squamata","Viperidae","faunabr"
"Hydrurga leptonyx","Mammalia","Carnivora","Phocidae","faunabr"
"Cerradomys marinhus","Mammalia","Rodentia","Cricetidae","faunabr"
"Adenomera andreae","Amphibia","Anura","Leptodactylidae","faunabr"
"Aplastodiscus sibilatus","Amphibia","Anura","Hylidae","faunabr"
"Mustela africana","Mammalia","Carnivora","Mustelidae","faunabr"
"Ctenomys torquatus","Mammalia","Rodentia","Ctenomyidae","faunabr"
"Lonchophylla peracchii","Mammalia","Chiroptera","Phyllostomidae","faunabr"
"Callicebus personatus","Mammalia","Primates","Pitheciidae","faunabr"
"Sibon nebulatus","Reptilia","Squamata","Dipsadidae","faunabr"
"Thamnodynastes sertanejo","Reptilia","Squamata","Dipsadidae","faunabr"
"Thrichomys apereoides","Mammalia","Rodentia","Echimyidae","faunabr"
"Tropidophis preciosus","Reptilia","Squamata","Tropidophiidae","faunabr"
"Hydrops triangularis","Reptilia","Squamata","Dipsadidae","faunabr"
"Xenopholis scalaris","Reptilia","Squamata","Dipsadidae","faunabr"
"Tantilla boipiranga","Reptilia","Squamata","Colubridae","faunabr"
"Lophostoma carrikeri","Mammalia","Chiroptera","Phyllostomidae","faunabr"
"Marmosops paulensis","Mammalia","Didelphimorphia","Didelphidae","faunabr"
"Leposternon scutigerum","Reptilia","Squamata","Amphisbaenidae","faunabr"
"Rhipidomys itoan","Mammalia","Rodentia","Cricetidae","faunabr"
"Aplastodiscus albofrenatus","Amphibia","Anura","Hylidae","faunabr"
"Amphisbaena nigricauda","Reptilia","Squamata","Amphisbaenidae","faunabr"
"Lonchophylla bokermanni","Mammalia","Chiroptera","Phyllostomidae","faunabr"
"Gastrotheca megacephala","Amphibia","Anura","Hemiphractidae","faunabr"
"Amphisbaena arda","Reptilia","Squamata","Amphisbaenidae","faunabr"
"Amphisbaena kingii","Reptilia","Squamata","Amphisbaenidae","faunabr"
"Oligoryzomys stramineus","Mammalia","Rodentia","Cricetidae","faunabr"
"Akodon mystax","Mammalia","Rodentia","Cricetidae","faunabr"
"Micrurus surinamensis","Reptilia","Squamata","Elapidae","faunabr"
"Hylaeamys megacephalus","Mammalia","Rodentia","Cricetidae","faunabr"
"Amphisbaena lumbricalis","Reptilia","Squamata","Amphisbaenidae","faunabr"
"Mastigodryas bifossatus","Reptilia","Squamata","Colubridae","faunabr"
"Amphisbaena ibijara","Reptilia","Squamata","Amphisbaenidae","faunabr"
"Epictia clinorostris","Reptilia","Squamata","Leptotyphlopidae","faunabr"
"Holochilus sciureus","Mammalia","Rodentia","Cricetidae","faunabr"
"Ametrida centurio","Mammalia","Chiroptera","Phyllostomidae","faunabr"
"Tomodon ocellatus","Reptilia","Squamata","Dipsadidae","faunabr"
"Monodelphis domestica","Mammalia","Didelphimorphia","Didelphidae","faunabr"
"Lasiurus ebenus","Mammalia","Chiroptera","Vespertilionidae","faunabr"
"Cabassous unicinctus","Mammalia","Cingulata","Chlamyphoridae","faunabr"
"Vampyrum spectrum","Mammalia","Chiroptera","Phyllostomidae","faunabr"
"Aplastodiscus arildae","Amphibia","Anura","Hylidae","faunabr"
"Phalotris multipunctatus","Reptilia","Squamata","Dipsadidae","faunabr"
"Rhipidomys macrurus","Mammalia","Rodentia","Cricetidae","faunabr"
"Callicebus melanochir","Mammalia","Primates","Pitheciidae","faunabr"
"Xeronycteris vieirai","Mammalia","Chiroptera","Phyllostomidae","faunabr"
"Amphisbaena sanctaeritae","Reptilia","Squamata","Amphisbaenidae","faunabr"
"Cabassous chacoensis","Mammalia","Cingulata","Chlamyphoridae","faunabr"
"Leptodactylus caatingae","Amphibia","Anura","Leptodactylidae","faunabr"
"Rhinella dorbignyi","Amphibia","Anura","Bufonidae","faunabr"
"Aplastodiscus ibirapitanga","Amphibia","Anura","Hylidae","faunabr"
"Phalotris labiomaculatus","Reptilia","Squamata","Dipsadidae","faunabr"
"Leptodactylus tapiti","Amphibia","Anura","Leptodactylidae","faunabr"
"Amphisbaena carvalhoi","Reptilia","Squamata","Amphisbaenidae","faunabr"
"Leptodactylus bufonius","Amphibia","Anura","Leptodactylidae","faunabr"
"Dipsas pavonina","Reptilia","Squamata","Dipsadidae","faunabr"
"Apostolepis quirogai","Reptilia","Squamata","Dipsadidae","faunabr"
"Amphisbaena uroxena","Reptilia","Squamata","Amphisbaenidae","faunabr"
"Amphisbaena pretrei","Reptilia","Squamata","Amphisbaenidae","faunabr"
"Aotus infulatus","Mammalia","Primates","Cebidae","faunabr"
"Melanosuchus niger","Reptilia","Crocodylia","Alligatoridae","faunabr"
"Oecomys paricola","Mammalia","Rodentia","Cricetidae","faunabr"
"Anilius scytale","Reptilia","Squamata","Aniliidae","faunabr"
"Cavia magna","Mammalia","Rodentia","Caviidae","faunabr"
"Marmosa demerarae","Mammalia","Didelphimorphia","Didelphidae","faunabr"
"Apostolepis gaboi","Reptilia","Squamata","Dipsadidae","faunabr"
"Leptodactylus troglodytes","Amphibia","Anura","Leptodactylidae","faunabr"
"Bradypus variegatus","Mammalia","Pilosa","Bradypodidae","faunabr"
"Tolypeutes matacus","Mammalia","Cingulata","Chlamyphoridae","faunabr"
"Trinomys dimidiatus","Mammalia","Rodentia","Echimyidae","faunabr"
"Calomys laucha","Mammalia","Rodentia","Cricetidae","faunabr"
"Akodon toba","Mammalia","Rodentia","Cricetidae","faunabr"
"Leptodactylus vastus","Amphibia","Anura","Leptodactylidae","faunabr"
"Hylomantis aspera","Amphibia","Anura","Hylidae","faunabr"
"Gastrotheca fulvorufa","Amphibia","Anura","Hemiphractidae","faunabr"
"Helicops trivittatus","Reptilia","Squamata","Dipsadidae","faunabr"
"Thalpomys cerradensis","Mammalia","Rodentia","Cricetidae","faunabr"
"Gastrotheca ernestoi","Amphibia","Anura","Hemiphractidae","faunabr"
"Choloepus didactylus","Mammalia","Pilosa","Megalonychidae","faunabr"
"Ameivula confusioniba","Reptilia","Squamata","Teiidae","faunabr"
"Adenomera thomei","Amphibia","Anura","Leptodactylidae","faunabr"
"Apostolepis intermedia","Reptilia","Squamata","Dipsadidae","faunabr"
"Phyllomys lamarum","Mammalia","Rodentia","Echimyidae","faunabr"
"Phyllomys blainvilii","Mammalia","Rodentia","Echimyidae","faunabr"
"Brachycephalus crispus","Amphibia","Anura","Brachycephalidae","faunabr"
"Bothrops pubescens","Reptilia","Squamata","Viperidae","faunabr"
"Trichechus manatus","Mammalia","Sirenia","Trichechidae","faunabr"
"Otaria flavescens","Mammalia","Carnivora","Otariidae","faunabr"
"Saimiri collinsi","Mammalia","Primates","Cebidae","faunabr"
"Uroderma magnirostrum","Mammalia","Chiroptera","Phyllostomidae","faunabr"
"Pithecopus oreades","Amphibia","Anura","Hylidae","faunabr"
"Drymoluber dichrous","Reptilia","Squamata","Colubridae","faunabr"
"Cryptonanus chacoensis","Mammalia","Didelphimorphia","Didelphidae","faunabr"
"Ameivula cipoensis","Reptilia","Squamata","Teiidae","faunabr"
"Oxymycterus caparaoe","Mammalia","Rodentia","Cricetidae","faunabr"
"Kerodon rupestris","Mammalia","Rodentia","Caviidae","faunabr"
"Lophostoma brasiliense","Mammalia","Chiroptera","Phyllostomidae","faunabr"
"Phalotris reticulatus","Reptilia","Squamata","Dipsadidae","faunabr"
"Micrurus paraensis","Reptilia","Squamata","Elapidae","faunabr"
"Aplastodiscus cavicola","Amphibia","Anura","Hylidae","faunabr"
"Bothrops insularis","Reptilia","Squamata","Viperidae","faunabr"
"Epictia borapeliotes","Reptilia","Squamata","Leptotyphlopidae","faunabr"
"Potos flavus","Mammalia","Carnivora","Procyonidae","faunabr"
"Proechimys longicaudatus","Mammalia","Rodentia","Echimyidae","faunabr"
"Brachyteles hypoxanthus","Mammalia","Primates","Atelidae","faunabr"
"Leptodactylus marambaiae","Amphibia","Anura","Leptodactylidae","faunabr"
"Micrurus potyguara","Reptilia","Squamata","Elapidae","faunabr"
"Melanophryniscus klappenbachi","Amphibia","Anura","Bufonidae","faunabr"
"Mesophylla macconnelli","Mammalia","Chiroptera","Phyllostomidae","faunabr"
"Liotyphlops trefauti","Reptilia","Squamata","Anomalepididae","faunabr"
"Nectomys rattus","Mammalia","Rodentia","Cricetidae","faunabr"
"Dactylomys dactylinus","Mammalia","Rodentia","Echimyidae","faunabr"
"Phaenomys ferrugineus","Mammalia","Rodentia","Cricetidae","faunabr"
"Siphlophis cervinus","Reptilia","Squamata","Dipsadidae","faunabr"
"Echimys chrysurus","Mammalia","Rodentia","Echimyidae","faunabr"
"Aplastodiscus musicus","Amphibia","Anura","Hylidae","faunabr"
"Amphisbaena ignatiana","Reptilia","Squamata","Amphisbaenidae","faunabr"
"Leposternon kisteumacheri","Reptilia","Squamata","Amphisbaenidae","faunabr"
"Amphisbaena hastata","Reptilia","Squamata","Amphisbaenidae","faunabr"
"Pithecopus azureus","Amphibia","Anura","Hylidae","faunabr"
"Lachesis muta","Reptilia","Squamata","Viperidae","faunabr"
"Dipsas sazimai","Reptilia","Squamata","Dipsadidae","faunabr"
"Drymoluber brazili","Reptilia","Squamata","Colubridae","faunabr"
"Bothrops muriciensis","Reptilia","Squamata","Viperidae","faunabr"
"Scapteromys tumidus","Mammalia","Rodentia","Cricetidae","faunabr"
"Thamnodynastes almae","Reptilia","Squamata","Dipsadidae","faunabr"
"Corallus cropani","Reptilia","Squamata","Boidae","faunabr"
"Lonchophylla mordax","Mammalia","Chiroptera","Phyllostomidae","faunabr"
"Alouatta belzebul","Mammalia","Primates","Atelidae","faunabr"
"Galea spixii","Mammalia","Rodentia","Caviidae","faunabr"
"Dracaena guianensis","Reptilia","Squamata","Teiidae","faunabr"
"Monodelphis unistriata","Mammalia","Didelphimorphia","Didelphidae","faunabr"
"Psomophis joberti","Reptilia","Squamata","Dipsadidae","faunabr"
"Calomys expulsus","Mammalia","Rodentia","Cricetidae","faunabr"
"Galea flavidens","Mammalia","Rodentia","Caviidae","faunabr"
"Sibynomorphus neuwiedi","Reptilia","Squamata","Dipsadidae","faunabr"
"Apostolepis polylepis","Reptilia","Squamata","Dipsadidae","faunabr"
"Oecomys mamorae","Mammalia","Rodentia","Cricetidae","faunabr"
"Lundomys molitor","Mammalia","Rodentia","Cricetidae","faunabr"
"Boiruna sertaneja","Reptilia","Squamata","Dipsadidae","faunabr"
"Apostolepis flavotorquata","Reptilia","Squamata","Dipsadidae","faunabr"
"Ctenomys lami","Mammalia","Rodentia","Ctenomyidae","faunabr"
"Calomys cerqueirai","Mammalia","Rodentia","Cricetidae","faunabr"
"Leptodactylus oreomantis","Amphibia","Anura","Leptodactylidae","faunabr"
"Bothrops marmoratus","Reptilia","Squamata","Viperidae","faunabr"
"Xenopholis werdingorum","Reptilia","Squamata","Dipsadidae","faunabr"
"Akodon lindberghi","Mammalia","Rodentia","Cricetidae","faunabr"
"Apostolepis albicollaris","Reptilia","Squamata","Dipsadidae","faunabr"
"Amphisbaena mitchelli","Reptilia","Squamata","Amphisbaenidae","faunabr"
"Dendrophidion dendrophis","Reptilia","Squamata","Colubridae","faunabr"
"Oecomys catherinae","Mammalia","Rodentia","Cricetidae","faunabr"
"Neoplatymops mattogrossensis","Mammalia","Chiroptera","Molossidae","faunabr"
"Amphisbaena anaemariae","Reptilia","Squamata","Amphisbaenidae","faunabr"
"Thylamys karimii","Mammalia","Didelphimorphia","Didelphidae","faunabr"
"Trinomys paratus","Mammalia","Rodentia","Echimyidae","faunabr"
"Trinomys mirapitanga","Mammalia","Rodentia","Echimyidae","faunabr"
"Eretmochelys imbricata","Reptilia","Testudines","Cheloniidae","faunabr"
"Calamodontophis paucidens","Reptilia","Squamata","Dipsadidae","faunabr"
"Amphisbaena bahiana","Reptilia","Squamata","Amphisbaenidae","faunabr"
"Thamnodynastes lanei","Reptilia","Squamata","Dipsadidae","faunabr"
"Leptodactylus spixi","Amphibia","Anura","Leptodactylidae","faunabr"
"Cerradomys subflavus","Mammalia","Rodentia","Cricetidae","faunabr"
"Coronelaps lepidus","Reptilia","Squamata","Dipsadidae","faunabr"
"Kerodon acrobata","Mammalia","Rodentia","Caviidae","faunabr"
"Callistomys pictus","Mammalia","Rodentia","Echimyidae","faunabr"
"Cynomops greenhalli","Mammalia","Chiroptera","Molossidae","faunabr"
"Apostolepis cerradoensis","Reptilia","Squamata","Dipsadidae","faunabr"
"Pseudoryzomys simplex","Mammalia","Rodentia","Cricetidae","faunabr"
"Pithecopus rohdei","Amphibia","Anura","Hylidae","faunabr"
"Wiedomys cerradensis","Mammalia","Rodentia","Cricetidae","faunabr"
"Leptodactylus flavopictus","Amphibia","Anura","Leptodactylidae","faunabr"
"Rhinophylla pumilio","Mammalia","Chiroptera","Phyllostomidae","faunabr"
"Amphisbaena munoai","Reptilia","Squamata","Amphisbaenidae","faunabr"
"Ischnocnema manezinho","Amphibia","Anura","Brachycephalidae","faunabr"
"Adenomera saci","Amphibia","Anura","Leptodactylidae","faunabr"
"Taeniophallus poecilopogon","Reptilia","Squamata","Dipsadidae","faunabr"
"Hydrodynastes melanogigas","Reptilia","Squamata","Dipsadidae","faunabr"
"Coendou insidiosus","Mammalia","Rodentia","Erethizontidae","faunabr"
"Leposternon wuchereri","Reptilia","Squamata","Amphisbaenidae","faunabr"
"Leopardus braccatus","Mammalia","Carnivora","Felidae","faunabr"
"Bothrops mattogrossensis","Reptilia","Squamata","Viperidae","faunabr"
"Thamnodynastes chaquensis","Reptilia","Squamata","Dipsadidae","faunabr"
"Siphlophis compressus","Reptilia","Squamata","Dipsadidae","faunabr"
"Thylamys macrurus","Mammalia","Didelphimorphia","Didelphidae","faunabr"
"Pithecopus centralis","Amphibia","Anura","Hylidae","faunabr"
"Helicops polylepis","Reptilia","Squamata","Dipsadidae","faunabr"
"Leptodactylus jolyi","Amphibia","Anura","Leptodactylidae","faunabr"
"Leposternon infraorbitale","Reptilia","Squamata","Amphisbaenidae","faunabr"
"Hydrops caesurus","Reptilia","Squamata","Dipsadidae","faunabr"
"Calassomys apicalis","Mammalia","Rodentia","Cricetidae","faunabr"
"Delomys altimontanus","Mammalia","Rodentia","Cricetidae","faunabr"
"Carterodon sulcidens","Mammalia","Rodentia","Echimyidae","faunabr"
"Amphisbaena metallurga","Reptilia","Squamata","Amphisbaenidae","faunabr"
"Coendou speratus","Mammalia","Rodentia","Erethizontidae","faunabr"
"Ctenomys ibicuiensis","Mammalia","Rodentia","Ctenomyidae","faunabr"
"Scapteromys aquaticus","Mammalia","Rodentia","Cricetidae","faunabr"
"Marmosa murina","Mammalia","Didelphimorphia","Didelphidae","faunabr"
"Amerotyphlops amoipira","Reptilia","Squamata","Typhlopidae","faunabr"
"Amerotyphlops paucisquamus","Reptilia","Squamata","Typhlopidae","faunabr"
"Amerotyphlops reticulatus","Reptilia","Squamata","Typhlopidae","faunabr"
"Amerotyphlops arenensis","Reptilia","Squamata","Typhlopidae","faunabr"
"Amerotyphlops yonenagae","Reptilia","Squamata","Typhlopidae","faunabr"
"Amphisbaena persephone","Reptilia","Squamata","Amphisbaenidae","faunabr"
"Dasyprocta iacki","Mammalia","Rodentia","Dasyproctidae","faunabr"
"Oligoryzomys mattogrossae","Mammalia","Rodentia","Cricetidae","faunabr"
"Trinomys gratiosus","Mammalia","Rodentia","Echimyidae","faunabr"
"Cerradomys akroai","Mammalia","Rodentia","Cricetidae","faunabr"
"Coendou baturitensis","Mammalia","Rodentia","Erethizontidae","faunabr"
"Amphisbaena filiformis","Reptilia","Squamata","Amphisbaenidae","faunabr"
"Tupinambis matipu","Reptilia","Squamata","Teiidae","faunabr"
"Leposternon mineiro","Reptilia","Squamata","Amphisbaenidae","faunabr"
"Amphisbaena acangoaba","Reptilia","Squamata","Amphisbaenidae","faunabr"
"Amphisbaena arenicola","Reptilia","Squamata","Amphisbaenidae","faunabr"
"Amphisbaena caetitensis","Reptilia","Squamata","Amphisbaenidae","faunabr"
"Philander canus","Mammalia","Didelphimorphia","Didelphidae","faunabr"
"Philander quica","Mammalia","Didelphimorphia","Didelphidae","faunabr"
"Marmosa limae","Mammalia","Didelphimorphia","Didelphidae","faunabr"
"Marmosa rapposa","Mammalia","Didelphimorphia","Didelphidae","faunabr"
"Monodelphis pinocchio","Mammalia","Didelphimorphia","Didelphidae","faunabr"
"Holochilus nanus","Mammalia","Rodentia","Cricetidae","faunabr"
"Holochilus oxe","Mammalia","Rodentia","Cricetidae","faunabr"
"Akodon kadiweu","Mammalia","Rodentia","Cricetidae","faunabr"
"Brucepattersonius nebulosus","Mammalia","Rodentia","Cricetidae","faunabr"
"Deltamys araucaria","Mammalia","Rodentia","Cricetidae","faunabr"
"Amphisbaena hiata","Reptilia","Squamata","Amphisbaenidae","faunabr"
"Amphisbaena kiriri","Reptilia","Squamata","Amphisbaenidae","faunabr"
"Oecomys franciscorum","Mammalia","Rodentia","Cricetidae","faunabr"
"Calomys mattevii","Mammalia","Rodentia","Cricetidae","faunabr"
"Amphisbaena longigua","Reptilia","Squamata","Amphisbaenidae","faunabr"
"Amphisbaena mongoyo","Reptilia","Squamata","Amphisbaenidae","faunabr"
"Amphisbaena mebengokre","Reptilia","Squamata","Amphisbaenidae","faunabr"
"Amphisbaena nana","Reptilia","Squamata","Amphisbaenidae","faunabr"
"Amphisbaena tiaraju","Reptilia","Squamata","Amphisbaenidae","faunabr"
"Sturnira giannae","Mammalia","Chiroptera","Phyllostomidae","faunabr"
"Cabassous squamicaudis","Mammalia","Cingulata","Chlamyphoridae","faunabr"
"Juliomys ximenezi","Mammalia","Rodentia","Cricetidae","faunabr"
"Dasyprocta prymnolopha","Mammalia","Rodentia","Dasyproctidae","faunabr"
"Coendou longicaudatus","Mammalia","Rodentia","Erethizontidae","faunabr"
"Bradypus crinitus","Mammalia","Pilosa","Bradypodidae","faunabr"
"Phyllomys centralis","Mammalia","Rodentia","Echimyidae","faunabr"
"Thrichomys fosteri","Mammalia","Rodentia","Echimyidae","faunabr"
"Pithecopus gonzagai","Amphibia","Anura","Hylidae","faunabr"
"Phasmahyla lisbella","Amphibia","Anura","Hylidae","faunabr"
"Phrynomedusa dryade","Amphibia","Anura","Hylidae","faunabr"
"Euryoryzomys cerqueirai","Mammalia","Rodentia","Cricetidae","faunabr"
"Passalites nemorivagus","Mammalia","Artiodactyla","Cervidae","faunabr"
"Eumops chimaera","Mammalia","Chiroptera","Molossidae","faunabr"
"Amadonastur lacernulatus","Aves","Accipitriformes","Accipitridae","faunabr"
"Helicolestes hamatus","Aves","Accipitriformes","Accipitridae","faunabr"
"Heterospizias meridionalis","Aves","Accipitriformes","Accipitridae","faunabr"
"Leptodon forbesi","Aves","Accipitriformes","Accipitridae","faunabr"
"Pseudastur polionotus","Aves","Accipitriformes","Accipitridae","faunabr"
"Urubitinga coronata","Aves","Accipitriformes","Accipitridae","faunabr"
"Heteronetta atricapilla","Aves","Anseriformes","Anatidae","faunabr"
"Neochen jubata","Aves","Anseriformes","Anatidae","faunabr"
"Anopetia gounellei","Aves","Apodiformes","Trochilidae","faunabr"
"Glaucis dohrnii","Aves","Apodiformes","Trochilidae","faunabr"
"Phaethornis idaliae","Aves","Apodiformes","Trochilidae","faunabr"
"Phaethornis maranhaoensis","Aves","Apodiformes","Trochilidae","faunabr"
"Phaethornis subochraceus","Aves","Apodiformes","Trochilidae","faunabr"
"Augastes lumachella","Aves","Apodiformes","Trochilidae","faunabr"
"Avocettula recurvirostris","Aves","Apodiformes","Trochilidae","faunabr"
"Campylopterus calcirupicola","Aves","Apodiformes","Trochilidae","faunabr"
"Campylopterus diamantinensis","Aves","Apodiformes","Trochilidae","faunabr"
"Campylopterus obscurus","Aves","Apodiformes","Trochilidae","faunabr"
"Discosura longicaudus","Aves","Apodiformes","Trochilidae","faunabr"
"Heliactin bilophus","Aves","Apodiformes","Trochilidae","faunabr"
"Heliodoxa rubricauda","Aves","Apodiformes","Trochilidae","faunabr"
"Heliomaster squamosus","Aves","Apodiformes","Trochilidae","faunabr"
"Lophornis gouldii","Aves","Apodiformes","Trochilidae","faunabr"
"Thalurania watertonii","Aves","Apodiformes","Trochilidae","faunabr"
"Hydropsalis anomala","Aves","Caprimulgiformes","Caprimulgidae","faunabr"
"Hydropsalis candicans","Aves","Caprimulgiformes","Caprimulgidae","faunabr"
"Hydropsalis parvula","Aves","Caprimulgiformes","Caprimulgidae","faunabr"
"Nyctiprogne vielliardi","Aves","Caprimulgiformes","Caprimulgidae","faunabr"
"Cathartes melambrotus","Aves","Cathartiformes","Cathartidae","faunabr"
"Charadrius falklandicus","Aves","Charadriiformes","Charadriidae","faunabr"
"Vanellus cayanus","Aves","Charadriiformes","Charadriidae","faunabr"
"Leucophaeus modestus","Aves","Charadriiformes","Laridae","faunabr"
"Himantopus melanurus","Aves","Charadriiformes","Recurvirostridae","faunabr"
"Calidris mauri","Aves","Charadriiformes","Scolopacidae","faunabr"
"Gallinago paraguaiae","Aves","Charadriiformes","Scolopacidae","faunabr"
"Limosa fedoa","Aves","Charadriiformes","Scolopacidae","faunabr"
"Tringa inornata","Aves","Charadriiformes","Scolopacidae","faunabr"
"Columbina cyanopis","Aves","Columbiformes","Columbidae","faunabr"
"Coccyzus erythropthalmus","Aves","Cuculiformes","Cuculidae","faunabr"
"Coccyzus minor","Aves","Cuculiformes","Cuculidae","faunabr"
"Micrococcyx cinereus","Aves","Cuculiformes","Cuculidae","faunabr"
"Daptrius ater","Aves","Falconiformes","Falconidae","faunabr"
"Ibycter americanus","Aves","Falconiformes","Falconidae","faunabr"
"Micrastur mintoni","Aves","Falconiformes","Falconidae","faunabr"
"Micrastur mirandollei","Aves","Falconiformes","Falconidae","faunabr"
"Bucco capensis","Aves","Galbuliformes","Bucconidae","faunabr"
"Malacoptila minor","Aves","Galbuliformes","Bucconidae","faunabr"
"Nonnula amaurocephala","Aves","Galbuliformes","Bucconidae","faunabr"
"Nystalus maculatus","Aves","Galbuliformes","Bucconidae","faunabr"
"Nystalus striatipectus","Aves","Galbuliformes","Bucconidae","faunabr"
"Nystalus torridus","Aves","Galbuliformes","Bucconidae","faunabr"
"Jacamaralcyon tridactyla","Aves","Galbuliformes","Galbulidae","faunabr"
"Aburria jacutinga","Aves","Galliformes","Cracidae","faunabr"
"Crax blumenbachii","Aves","Galliformes","Cracidae","faunabr"
"Ortalis araucuan","Aves","Galliformes","Cracidae","faunabr"
"Ortalis remota","Aves","Galliformes","Cracidae","faunabr"
"Ortalis superciliaris","Aves","Galliformes","Cracidae","faunabr"
"Pauxi mitu","Aves","Galliformes","Cracidae","faunabr"
"Pauxi tuberosa","Aves","Galliformes","Cracidae","faunabr"
"Penelope jacucaca","Aves","Galliformes","Cracidae","faunabr"
"Penelope ochrogaster","Aves","Galliformes","Cracidae","faunabr"
"Penelope pileata","Aves","Galliformes","Cracidae","faunabr"
"Psophia napensis","Aves","Gruiformes","Psophiidae","faunabr"
"Psophia obscura","Aves","Gruiformes","Psophiidae","faunabr"
"Laterallus jamaicensis","Aves","Gruiformes","Rallidae","faunabr"
"Laterallus spiloptera","Aves","Gruiformes","Rallidae","faunabr"
"Paragallinula angulata","Aves","Gruiformes","Rallidae","faunabr"
"Nyctibius leucopterus","Aves","Nyctibiiformes","Nyctibiidae","faunabr"
"Opisthocomus hoazin","Aves","Opisthocomiformes","Opisthocomidae","faunabr"
"Caryothraustes brasiliensis","Aves","Passeriformes","Cardinalidae","faunabr"
"Periporphyrus erythromelas","Aves","Passeriformes","Cardinalidae","faunabr"
"Conopophaga cearae","Aves","Passeriformes","Conopophagidae","faunabr"
"Conopophaga roberti","Aves","Passeriformes","Conopophagidae","faunabr"
"Cyanocorax cyanopogon","Aves","Passeriformes","Corvidae","faunabr"
"Cotinga maculata","Aves","Passeriformes","Cotingidae","faunabr"
"Lipaugus ater","Aves","Passeriformes","Cotingidae","faunabr"
"Lipaugus conditus","Aves","Passeriformes","Cotingidae","faunabr"
"Lipaugus vociferans","Aves","Passeriformes","Cotingidae","faunabr"
"Xipholena atropurpurea","Aves","Passeriformes","Cotingidae","faunabr"
"Xipholena lamellipennis","Aves","Passeriformes","Cotingidae","faunabr"
"Phoenicircus carnifex","Aves","Passeriformes","Cotingidae","faunabr"
"Phoenicircus nigricollis","Aves","Passeriformes","Cotingidae","faunabr"
"Dendrocolaptes medius","Aves","Passeriformes","Dendrocolaptidae","faunabr"
"Drymornis bridgesii","Aves","Passeriformes","Dendrocolaptidae","faunabr"
"Lepidocolaptes layardi","Aves","Passeriformes","Dendrocolaptidae","faunabr"
"Lepidocolaptes wagleri","Aves","Passeriformes","Dendrocolaptidae","faunabr"
"Nasica longirostris","Aves","Passeriformes","Dendrocolaptidae","faunabr"
"Xiphorhynchus atlanticus","Aves","Passeriformes","Dendrocolaptidae","faunabr"
"Xiphorhynchus spixii","Aves","Passeriformes","Dendrocolaptidae","faunabr"
"Dendrocincla taunayi","Aves","Passeriformes","Dendrocolaptidae","faunabr"
"Dendrocincla turdina","Aves","Passeriformes","Dendrocolaptidae","faunabr"
"Spinus yarrellii","Aves","Passeriformes","Fringillidae","faunabr"
"Euphonia cayennensis","Aves","Passeriformes","Fringillidae","faunabr"
"Berlepschia rikeri","Aves","Passeriformes","Furnariidae","faunabr"
"Cinclodes fuscus","Aves","Passeriformes","Furnariidae","faunabr"
"Cinclodes pabsti","Aves","Passeriformes","Furnariidae","faunabr"
"Limnornis curvirostris","Aves","Passeriformes","Furnariidae","faunabr"
"Anabacerthia lichtensteini","Aves","Passeriformes","Furnariidae","faunabr"
"Automolus lammi","Aves","Passeriformes","Furnariidae","faunabr"
"Automolus paraensis","Aves","Passeriformes","Furnariidae","faunabr"
"Cichlocolaptes mazarbarnetti","Aves","Passeriformes","Furnariidae","faunabr"
"Clibanornis rectirostris","Aves","Passeriformes","Furnariidae","faunabr"
"Megaxenops parnáguae","Aves","Passeriformes","Furnariidae","faunabr"
"Philydor pyrrhodes","Aves","Passeriformes","Furnariidae","faunabr"
"Syndactyla dimidiata","Aves","Passeriformes","Furnariidae","faunabr"
"Acrobatornis fonsecai","Aves","Passeriformes","Furnariidae","faunabr"
"Asthenes moreirae","Aves","Passeriformes","Furnariidae","faunabr"
"Limnoctites rectirostris","Aves","Passeriformes","Furnariidae","faunabr"
"Phacellodomus ferrugineigula","Aves","Passeriformes","Furnariidae","faunabr"
"Phacellodomus sibilatrix","Aves","Passeriformes","Furnariidae","faunabr"
"Pseudoseisura cristata","Aves","Passeriformes","Furnariidae","faunabr"
"Synallaxis albilora","Aves","Passeriformes","Furnariidae","faunabr"
"Synallaxis cinerea","Aves","Passeriformes","Furnariidae","faunabr"
"Synallaxis hellmayri","Aves","Passeriformes","Furnariidae","faunabr"
"Synallaxis infuscata","Aves","Passeriformes","Furnariidae","faunabr"
"Synallaxis simoni","Aves","Passeriformes","Furnariidae","faunabr"
"Thripophaga macroura","Aves","Passeriformes","Furnariidae","faunabr"
"Cryptopezus nattereri","Aves","Passeriformes","Grallariidae","faunabr"
"Hylopezus ochroleucus","Aves","Passeriformes","Grallariidae","faunabr"
"Hylopezus paraensis","Aves","Passeriformes","Grallariidae","faunabr"
"Pygochelidon melanoleuca","Aves","Passeriformes","Hirundinidae","faunabr"
"Agelaioides fringillarius","Aves","Passeriformes","Icteridae","faunabr"
"Anumara forbesi","Aves","Passeriformes","Icteridae","faunabr"
"Icterus jamacaii","Aves","Passeriformes","Icteridae","faunabr"
"Leistes defilippii","Aves","Passeriformes","Icteridae","faunabr"
"Leistes militaris","Aves","Passeriformes","Icteridae","faunabr"
"Pseudoleistes virescens","Aves","Passeriformes","Icteridae","faunabr"
"Xanthopsar flavus","Aves","Passeriformes","Icteridae","faunabr"
"Onychorhynchus swainsoni","Aves","Passeriformes","Onychorhynchidae","faunabr"
"Myiothlypis leucophrys","Aves","Passeriformes","Parulidae","faunabr"
"Setophaga cerulea","Aves","Passeriformes","Parulidae","faunabr"
"Arremon franciscanus","Aves","Passeriformes","Passerellidae","faunabr"
"Arremon polionotus","Aves","Passeriformes","Passerellidae","faunabr"
"Arremon taciturnus","Aves","Passeriformes","Passerellidae","faunabr"
"Antilophia bokermanni","Aves","Passeriformes","Pipridae","faunabr"
"Chiroxiphia pareola","Aves","Passeriformes","Pipridae","faunabr"
"Neopelma aurifrons","Aves","Passeriformes","Pipridae","faunabr"
"Neopelma pallescens","Aves","Passeriformes","Pipridae","faunabr"
"Ceratopipra rubrocapilla","Aves","Passeriformes","Pipridae","faunabr"
"Machaeropterus regulus","Aves","Passeriformes","Pipridae","faunabr"
"Calyptura cristata","Aves","Passeriformes","Platyrinchidae","faunabr"
"Polioptila atricapilla","Aves","Passeriformes","Polioptilidae","faunabr"
"Polioptila innotata","Aves","Passeriformes","Polioptilidae","faunabr"
"Polioptila parvirostris","Aves","Passeriformes","Polioptilidae","faunabr"
"Polioptila plumbea","Aves","Passeriformes","Polioptilidae","faunabr"
"Merulaxis stresemanni","Aves","Passeriformes","Rhinocryptidae","faunabr"
"Scytalopus gonzagai","Aves","Passeriformes","Rhinocryptidae","faunabr"
"Scytalopus petrophilus","Aves","Passeriformes","Rhinocryptidae","faunabr"
"Phylloscartes beckeri","Aves","Passeriformes","Rhynchocyclidae","faunabr"
"Phylloscartes ceciliae","Aves","Passeriformes","Rhynchocyclidae","faunabr"
"Phylloscartes roquettei","Aves","Passeriformes","Rhynchocyclidae","faunabr"
"Hemitriccus furcatus","Aves","Passeriformes","Rhynchocyclidae","faunabr"
"Hemitriccus mirandae","Aves","Passeriformes","Rhynchocyclidae","faunabr"
"Lophotriccus galeatus","Aves","Passeriformes","Rhynchocyclidae","faunabr"
"Geositta poeciloptera","Aves","Passeriformes","Scleruridae","faunabr"
"Sclerurus cearensis","Aves","Passeriformes","Scleruridae","faunabr"
"Cercomacra brasiliana","Aves","Passeriformes","Thamnophilidae","faunabr"
"Cercomacra ferdinandi","Aves","Passeriformes","Thamnophilidae","faunabr"
"Cercomacra melanaria","Aves","Passeriformes","Thamnophilidae","faunabr"
"Drymophila genei","Aves","Passeriformes","Thamnophilidae","faunabr"
"Dysithamnus plumbeus","Aves","Passeriformes","Thamnophilidae","faunabr"
"Formicivora acutirostris","Aves","Passeriformes","Thamnophilidae","faunabr"
"Formicivora erythronotos","Aves","Passeriformes","Thamnophilidae","faunabr"
"Formicivora grantsaui","Aves","Passeriformes","Thamnophilidae","faunabr"
"Formicivora iheringi","Aves","Passeriformes","Thamnophilidae","faunabr"
"Formicivora littoralis","Aves","Passeriformes","Thamnophilidae","faunabr"
"Formicivora paludícola","Aves","Passeriformes","Thamnophilidae","faunabr"
"Herpsilochmus pectoralis","Aves","Passeriformes","Thamnophilidae","faunabr"
"Herpsilochmus pileatus","Aves","Passeriformes","Thamnophilidae","faunabr"
"Myrmoderus loricatus","Aves","Passeriformes","Thamnophilidae","faunabr"
"Myrmoderus squamosus","Aves","Passeriformes","Thamnophilidae","faunabr"
"Myrmotherula fluminensis","Aves","Passeriformes","Thamnophilidae","faunabr"
"Myrmotherula snowi","Aves","Passeriformes","Thamnophilidae","faunabr"
"Myrmotherula urosticta","Aves","Passeriformes","Thamnophilidae","faunabr"
"Pyriglena atra","Aves","Passeriformes","Thamnophilidae","faunabr"
"Pyriglena pernambucensis","Aves","Passeriformes","Thamnophilidae","faunabr"
"Radinopsyche sellowi","Aves","Passeriformes","Thamnophilidae","faunabr"
"Sakesphoroides cristatus","Aves","Passeriformes","Thamnophilidae","faunabr"
"Sakesphorus luctuosus","Aves","Passeriformes","Thamnophilidae","faunabr"
"Terenura sicki","Aves","Passeriformes","Thamnophilidae","faunabr"
"Thamnophilus ambiguus","Aves","Passeriformes","Thamnophilidae","faunabr"
"Thamnophilus capistratus","Aves","Passeriformes","Thamnophilidae","faunabr"
"Thamnophilus sticturus","Aves","Passeriformes","Thamnophilidae","faunabr"
"Thamnophilus torquatus","Aves","Passeriformes","Thamnophilidae","faunabr"
"Charitospiza eucosma","Aves","Passeriformes","Thraupidae","faunabr"
"Embernagra longicauda","Aves","Passeriformes","Thraupidae","faunabr"
"Compsothraupis loricata","Aves","Passeriformes","Thraupidae","faunabr"
"Nemosia rourei","Aves","Passeriformes","Thraupidae","faunabr"
"Parkerthraustes humeralis","Aves","Passeriformes","Thraupidae","faunabr"
"Microspingus cinereus","Aves","Passeriformes","Thraupidae","faunabr"
"Microspingus lateralis","Aves","Passeriformes","Thraupidae","faunabr"
"Microspingus melanoleucus","Aves","Passeriformes","Thraupidae","faunabr"
"Porphyrospiza caerulescens","Aves","Passeriformes","Thraupidae","faunabr"
"Saltatricula atricollis","Aves","Passeriformes","Thraupidae","faunabr"
"Saltatricula multicolor","Aves","Passeriformes","Thraupidae","faunabr"
"Sporophila albogularis","Aves","Passeriformes","Thraupidae","faunabr"
"Sporophila ardesiaca","Aves","Passeriformes","Thraupidae","faunabr"
"Sporophila maximiliani","Aves","Passeriformes","Thraupidae","faunabr"
"Sporophila nigrorufa","Aves","Passeriformes","Thraupidae","faunabr"
"Conothraupis mesoleuca","Aves","Passeriformes","Thraupidae","faunabr"
"Tachyphonus phoenicius","Aves","Passeriformes","Thraupidae","faunabr"
"Gubernatrix cristata","Aves","Passeriformes","Thraupidae","faunabr"
"Paroaria baeri","Aves","Passeriformes","Thraupidae","faunabr"
"Tangara cyanomelas","Aves","Passeriformes","Thraupidae","faunabr"
"Tangara cyanoventris","Aves","Passeriformes","Thraupidae","faunabr"
"Tangara fastuosa","Aves","Passeriformes","Thraupidae","faunabr"
"Laniisoma elegans","Aves","Passeriformes","Tityridae","faunabr"
"Laniocera hypopyrra","Aves","Passeriformes","Tityridae","faunabr"
"Cantorchilus guarayanus","Aves","Passeriformes","Troglodytidae","faunabr"
"Catharus swainsoni","Aves","Passeriformes","Turdidae","faunabr"
"Turdus lawrencii","Aves","Passeriformes","Turdidae","faunabr"
"Turdus sanchezorum","Aves","Passeriformes","Turdidae","faunabr"
"Ornithion inerme","Aves","Passeriformes","Tyrannidae","faunabr"
"Phyllomyias reiseri","Aves","Passeriformes","Tyrannidae","faunabr"
"Polystictus superciliaris","Aves","Passeriformes","Tyrannidae","faunabr"
"Serpophaga griseicapilla","Aves","Passeriformes","Tyrannidae","faunabr"
"Tyrannulus elatus","Aves","Passeriformes","Tyrannidae","faunabr"
"Zimmerius acer","Aves","Passeriformes","Tyrannidae","faunabr"
"Contopus virens","Aves","Passeriformes","Tyrannidae","faunabr"
"Fluvicola albiventer","Aves","Passeriformes","Tyrannidae","faunabr"
"Guyramemua affine","Aves","Passeriformes","Tyrannidae","faunabr"
"Knipolegus franciscanus","Aves","Passeriformes","Tyrannidae","faunabr"
"Knipolegus hudsoni","Aves","Passeriformes","Tyrannidae","faunabr"
"Lessonia rufa","Aves","Passeriformes","Tyrannidae","faunabr"
"Muscisaxicola capistratus","Aves","Passeriformes","Tyrannidae","faunabr"
"Attila cinnamomeus","Aves","Passeriformes","Tyrannidae","faunabr"
"Casiornis fuscus","Aves","Passeriformes","Tyrannidae","faunabr"
"Ramphotrigon ruficauda","Aves","Passeriformes","Tyrannidae","faunabr"
"Sirystes subcanescens","Aves","Passeriformes","Tyrannidae","faunabr"
"Tyrannopsis sulphurea","Aves","Passeriformes","Tyrannidae","faunabr"
"Vireo gracilirostris","Aves","Passeriformes","Vireonidae","faunabr"
"Egretta gularis","Aves","Pelecaniformes","Ardeidae","faunabr"
"Campephilus leucopogon","Aves","Piciformes","Picidae","faunabr"
"Celeus obrieni","Aves","Piciformes","Picidae","faunabr"
"Celeus ochraceus","Aves","Piciformes","Picidae","faunabr"
"Celeus undatus","Aves","Piciformes","Picidae","faunabr"
"Melanerpes cactorum","Aves","Piciformes","Picidae","faunabr"
"Piculus chrysochloros","Aves","Piciformes","Picidae","faunabr"
"Piculus polyzonus","Aves","Piciformes","Picidae","faunabr"
"Picumnus exilis","Aves","Piciformes","Picidae","faunabr"
"Picumnus limae","Aves","Piciformes","Picidae","faunabr"
"Picumnus pernambucensis","Aves","Piciformes","Picidae","faunabr"
"Picumnus pygmaeus","Aves","Piciformes","Picidae","faunabr"
"Veniliornis maculifrons","Aves","Piciformes","Picidae","faunabr"
"Selenidera gouldii","Aves","Piciformes","Ramphastidae","faunabr"
"Alipiopsitta xanthops","Aves","Psittaciformes","Psittacidae","faunabr"
"Amazona farinosa","Aves","Psittaciformes","Psittacidae","faunabr"
"Amazona pretrei","Aves","Psittaciformes","Psittacidae","faunabr"
"Amazona rhodocorytha","Aves","Psittaciformes","Psittacidae","faunabr"
"Anodorhynchus glaucus","Aves","Psittaciformes","Psittacidae","faunabr"
"Anodorhynchus hyacinthinus","Aves","Psittaciformes","Psittacidae","faunabr"
"Anodorhynchus leari","Aves","Psittaciformes","Psittacidae","faunabr"
"Aratinga jandaya","Aves","Psittaciformes","Psittacidae","faunabr"
"Aratinga nenday","Aves","Psittaciformes","Psittacidae","faunabr"
"Cyanopsitta spixii","Aves","Psittaciformes","Psittacidae","faunabr"
"Eupsittula aurea","Aves","Psittaciformes","Psittacidae","faunabr"
"Forpus modestus","Aves","Psittaciformes","Psittacidae","faunabr"
"Forpus sclateri","Aves","Psittaciformes","Psittacidae","faunabr"
"Orthopsittaca manilatus","Aves","Psittaciformes","Psittacidae","faunabr"
"Pionus menstruus","Aves","Psittaciformes","Psittacidae","faunabr"
"Pionus reichenowi","Aves","Psittaciformes","Psittacidae","faunabr"
"Primolius auricollis","Aves","Psittaciformes","Psittacidae","faunabr"
"Pyrilia vulturina","Aves","Psittaciformes","Psittacidae","faunabr"
"Pyrrhura coerulescens","Aves","Psittaciformes","Psittacidae","faunabr"
"Pyrrhura cruentata","Aves","Psittaciformes","Psittacidae","faunabr"
"Pyrrhura devillei","Aves","Psittaciformes","Psittacidae","faunabr"
"Pyrrhura griseipectus","Aves","Psittaciformes","Psittacidae","faunabr"
"Pyrrhura leucotis","Aves","Psittaciformes","Psittacidae","faunabr"
"Pyrrhura pfrimeri","Aves","Psittaciformes","Psittacidae","faunabr"
"Touit surdus","Aves","Psittaciformes","Psittacidae","faunabr"
"Glaucidium mooreorum","Aves","Strigiformes","Strigidae","faunabr"
"Megascops alagoensis","Aves","Strigiformes","Strigidae","faunabr"
"Megascops ater","Aves","Strigiformes","Strigidae","faunabr"
"Crypturellus cinereus","Aves","Tinamiformes","Tinamidae","faunabr"
"Crypturellus strigulosus","Aves","Tinamiformes","Tinamidae","faunabr"
"Crypturellus variegatus","Aves","Tinamiformes","Tinamidae","faunabr"
"Crypturellus zabele","Aves","Tinamiformes","Tinamidae","faunabr"
"Nothura boraquira","Aves","Tinamiformes","Tinamidae","faunabr"
"Nothura minor","Aves","Tinamiformes","Tinamidae","faunabr"
"Taoniscus nanus","Aves","Tinamiformes","Tinamidae","faunabr"
"Tinamus guttatus","Aves","Tinamiformes","Tinamidae","faunabr"
"Trogon chrysochloros","Aves","Trogoniformes","Trogonidae","faunabr"
"Trogon muriciensis","Aves","Trogoniformes","Trogonidae","faunabr"
"Brachycephalus actaeus","Amphibia","Anura","Brachycephalidae","faunabr"
"Brachycephalus albolineatus","Amphibia","Anura","Brachycephalidae","faunabr"
"Brachycephalus auroguttatus","Amphibia","Anura","Brachycephalidae","faunabr"
"Brachycephalus mariaeterezae","Amphibia","Anura","Brachycephalidae","faunabr"
"Brachycephalus olivaceus","Amphibia","Anura","Brachycephalidae","faunabr"
"Brachycephalus verrucosus","Amphibia","Anura","Brachycephalidae","faunabr"
"Brachycephalus fuscolineatus","Amphibia","Anura","Brachycephalidae","faunabr"
"Brachycephalus boticario","Amphibia","Anura","Brachycephalidae","faunabr"
"Crossodactylodes serranegra","Amphibia","Anura","Leptodactylidae","faunabr"
"Crossodactylodes teixeirai","Amphibia","Anura","Leptodactylidae","faunabr"
"Melanophryniscus milanoi","Amphibia","Anura","Bufonidae","faunabr"
"Melanophryniscus xanthostomus","Amphibia","Anura","Bufonidae","faunabr"
"Marmosops woodalli","Mammalia","Didelphimorphia","Didelphidae","faunabr"
"Fritziana izecksohni","Amphibia","Anura","Hemiphractidae","faunabr"
"Fritziana ulei","Amphibia","Anura","Hemiphractidae","faunabr"
"Brachycephalus clarissae","Amphibia","Anura","Brachycephalidae","faunabr"
"Brachycephalus darkside","Amphibia","Anura","Brachycephalidae","faunabr"
"Lithodytes lineatus","Amphibia","Anura","Leptodactylidae","faunabr"
"Adenomera guarani","Amphibia","Anura","Leptodactylidae","faunabr"
"Adenomera kweti","Amphibia","Anura","Leptodactylidae","faunabr"
"Rhipidomys bezerrensis","Mammalia","Rodentia","Cricetidae","faunabr"
"Rhipidomys caracolensis","Mammalia","Rodentia","Cricetidae","faunabr"
"Spheniscus magellanicus","Aves","Sphenisciformes","Spheniscidae","faunabr"
"Myotis pampa","Mammalia","Chiroptera","Vespertilionidae","faunabr"
"Aptenodytes patagonicus","Aves","Sphenisciformes","Spheniscidae","faunabr"
"Eudyptes chrysolophus","Aves","Sphenisciformes","Spheniscidae","faunabr"
"Eudyptes chrysocome","Aves","Sphenisciformes","Spheniscidae","faunabr"
"Aplastodiscus heterophonicus","Amphibia","Anura","Hylidae","faunabr"
"Aplastodiscus aulophonus","Amphibia","Anura","Hylidae","faunabr"
"Lichonycteris obscura","Mammalia","Chiroptera","Phyllostomidae","faunabr"
"Aplastodiscus lutzorum","Amphibia","Anura","Hylidae","faunabr"
"Rhipidomys baturiteensis","Mammalia","Rodentia","Cricetidae","faunabr"
"Rhipidomys cearanus","Mammalia","Rodentia","Cricetidae","faunabr"
"Fritziana mitus","Amphibia","Anura","Hemiphractidae","faunabr"
"Fritziana tonimi","Amphibia","Anura","Hemiphractidae","faunabr"
"Leptodactylus avivoca","Amphibia","Anura","Leptodactylidae","faunabr"
"Leptodactylus barrioi","Amphibia","Anura","Leptodactylidae","faunabr"
"Leptodactylus brevipes","Amphibia","Anura","Leptodactylidae","faunabr"
"Leptodactylus kilombo","Amphibia","Anura","Leptodactylidae","faunabr"
"Leptodactylus luctator","Amphibia","Anura","Leptodactylidae","faunabr"
"Leptodactylus paranaru","Amphibia","Anura","Leptodactylidae","faunabr"
"Leptodactylus payaya","Amphibia","Anura","Leptodactylidae","faunabr"
"Leptodactylus watu","Amphibia","Anura","Leptodactylidae","faunabr"
"Adenomera cantitata","Amphibia","Anura","Leptodactylidae","faunabr"
"Rhinella diptycha","Amphibia","Anura","Bufonidae","faunabr"
"Spatula platalea","Aves","Anseriformes","Anatidae","faunabr"
"Molossus melini","Mammalia","Chiroptera","Molossidae","faunabr"
"Lonchophylla inexpectata","Mammalia","Chiroptera","Phyllostomidae","faunabr"
"Aburria cujubi","Aves","Galliformes","Cracidae","faunabr"
"Aburria cumanensis","Aves","Galliformes","Cracidae","faunabr"
"Agelasticus atroolivaceus","Aves","Passeriformes","Icteridae","faunabr"
"Akodon azarae","Mammalia","Rodentia","Cricetidae","faunabr"
"Amazona ochrocephala","Aves","Psittaciformes","Psittacidae","faunabr"
"Anabacerthia ruficaudata","Aves","Passeriformes","Furnariidae","faunabr"
"Anous minutus","Aves","Charadriiformes","Sternidae","faunabr"
"Anous stolidus","Aves","Charadriiformes","Sternidae","faunabr"
"Asio clamator","Aves","Strigiformes","Strigidae","faunabr"
"Asthenes pyrrholeuca","Aves","Passeriformes","Furnariidae","faunabr"
"Atticora tibialis","Aves","Passeriformes","Hirundinidae","faunabr"
"Attila bolivianus","Aves","Passeriformes","Tyrannidae","faunabr"
"Attila spadiceus","Aves","Passeriformes","Tyrannidae","faunabr"
"Augastes scutatus","Aves","Apodiformes","Trochilidae","faunabr"
"Automolus rufipileatus","Aves","Passeriformes","Furnariidae","faunabr"
"Bothrops bilineatus","Reptilia","Squamata","Viperidae","faunabr"
"Brachygalba lugubris","Aves","Galbuliformes","Galbulidae","faunabr"
"Brotogeris chrysoptera","Aves","Psittaciformes","Psittacidae","faunabr"
"Bubulcus ibis","Aves","Pelecaniformes","Ardeidae","faunabr"
"Burhinus bistriatus","Aves","Charadriiformes","Burhinidae","faunabr"
"Cacicus cela","Aves","Passeriformes","Icteridae","faunabr"
"Caiman crocodilus","Reptilia","Crocodylia","Alligatoridae","faunabr"
"Caryothraustes canadensis","Aves","Passeriformes","Cardinalidae","faunabr"
"Celeus flavus","Aves","Piciformes","Picidae","faunabr"
"Celeus torquatus","Aves","Piciformes","Picidae","faunabr"
"Cercomacra cinerascens","Aves","Passeriformes","Thamnophilidae","faunabr"
"Cercomacroides laeta","Aves","Passeriformes","Thamnophilidae","faunabr"
"Certhiasomus stictolaemus","Aves","Passeriformes","Dendrocolaptidae","faunabr"
"Chaetura brachyura","Aves","Apodiformes","Apodidae","faunabr"
"Chaetura chapmani","Aves","Apodiformes","Apodidae","faunabr"
"Charadrius wilsonia","Aves","Charadriiformes","Charadriidae","faunabr"
"Chionomesa fimbriata","Aves","Apodiformes","Trochilidae","faunabr"
"Chionomesa lactea","Aves","Apodiformes","Trochilidae","faunabr"
"Chlidonias niger","Aves","Charadriiformes","Sternidae","faunabr"
"Chloephaga picta","Aves","Anseriformes","Anatidae","faunabr"
"Chlorestes cyanus","Aves","Apodiformes","Trochilidae","faunabr"
"Chlorestes notata","Aves","Apodiformes","Trochilidae","faunabr"
"Chlorostilbon mellisugus","Aves","Apodiformes","Trochilidae","faunabr"
"Chrysomus icterocephalus","Aves","Passeriformes","Icteridae","faunabr"
"Chrysuronia leucogaster","Aves","Apodiformes","Trochilidae","faunabr"
"Cichlopsis leucogenys","Aves","Passeriformes","Turdidae","faunabr"
"Coccycua minuta","Aves","Cuculiformes","Cuculidae","faunabr"
"Colibri delphinae","Aves","Apodiformes","Trochilidae","faunabr"
"Coryphospingus pileatus","Aves","Passeriformes","Thraupidae","faunabr"
"Corythopis torquatus","Aves","Passeriformes","Rhynchocyclidae","faunabr"
"Cranioleuca semicinerea","Aves","Passeriformes","Furnariidae","faunabr"
"Crypturellus soui","Aves","Tinamiformes","Tinamidae","faunabr"
"Cuculus canorus","Aves","Cuculiformes","Cuculidae","faunabr"
"Cyanerpes caeruleus","Aves","Passeriformes","Thraupidae","faunabr"
"Cyanophonia Cyanophonia","Aves","Passeriformes","Fringillidae","faunabr"
"Cymbilaimus lineatus","Aves","Passeriformes","Thamnophilidae","faunabr"
"Cypsnagra hirundinacea","Aves","Passeriformes","Thraupidae","faunabr"
"Dendrocolaptes picumnus","Aves","Passeriformes","Dendrocolaptidae","faunabr"
"Dendroma erythroptera","Aves","Passeriformes","Furnariidae","faunabr"
"Dendroma rufa","Aves","Passeriformes","Furnariidae","faunabr"
"Dendroplex picus","Aves","Passeriformes","Dendrocolaptidae","faunabr"
"Diclidurus albus","Mammalia","Chiroptera","Emballonuridae","faunabr"
"Diopsittaca nobilis","Aves","Psittaciformes","Psittacidae","faunabr"
"Discosura langsdorffi","Aves","Apodiformes","Trochilidae","faunabr"
"Egretta garzetta","Aves","Pelecaniformes","Ardeidae","faunabr"
"Egretta tricolor","Aves","Pelecaniformes","Ardeidae","faunabr"
"Electron platyrhynchum","Aves","Coraciiformes","Momotidae","faunabr"
"Epinecrophylla leucophthalma","Aves","Passeriformes","Thamnophilidae","faunabr"
"Euphonia xanthogaster","Aves","Passeriformes","Fringillidae","faunabr"
"Eupsittula cactorum","Aves","Psittaciformes","Psittacidae","faunabr"
"Eurypyga helias","Aves","Eurypygiformes","Eurypygidae","faunabr"
"Euscarthmus rufomarginatus","Aves","Passeriformes","Tyrannidae","faunabr"
"Falco aesalon","Aves","Falconiformes","Falconidae","faunabr"
"Falco tinnunculus","Aves","Falconiformes","Falconidae","faunabr"
"Florisuga mellivora","Aves","Apodiformes","Trochilidae","faunabr"
"Formicarius analis","Aves","Passeriformes","Formicariidae","faunabr"
"Formicivora grisea","Aves","Passeriformes","Thamnophilidae","faunabr"
"Formicivora melanogaster","Aves","Passeriformes","Thamnophilidae","faunabr"
"Formicivora serrana","Aves","Passeriformes","Thamnophilidae","faunabr"
"Fregata minor","Aves","Suliformes","Fregatidae","faunabr"
"Furnarius figulus","Aves","Passeriformes","Furnariidae","faunabr"
"Furnarius leucopus","Aves","Passeriformes","Furnariidae","faunabr"
"Galbula dea","Aves","Galbuliformes","Galbulidae","faunabr"
"Gallinula galeata","Aves","Gruiformes","Rallidae","faunabr"
"Gelochelidon nilotica","Aves","Charadriiformes","Sternidae","faunabr"
"Geositta cunicularia","Aves","Passeriformes","Scleruridae","faunabr"
"Geranoaetus albicaudatus","Aves","Accipitriformes","Accipitridae","faunabr"
"Glyphorynchus spirurus","Aves","Passeriformes","Dendrocolaptidae","faunabr"
"Griseotyrannus aurantioatrocristatus","Aves","Passeriformes","Tyrannidae","faunabr"
"Heliomaster longirostris","Aves","Apodiformes","Trochilidae","faunabr"
"Hemithraupis flavicollis","Aves","Passeriformes","Thraupidae","faunabr"
"Hemitriccus griseipectus","Aves","Passeriformes","Rhynchocyclidae","faunabr"
"Hemitriccus striaticollis","Aves","Passeriformes","Rhynchocyclidae","faunabr"
"Herpsilochmus frater","Aves","Passeriformes","Thamnophilidae","faunabr"
"Hieraspiza superciliosus","Aves","Accipitriformes","Accipitridae","faunabr"
"Hydrobates leucorhoa","Aves","Procellariiformes","Hydrobatidae","faunabr"
"Hydropsalis longirostris","Aves","Caprimulgiformes","Caprimulgidae","faunabr"
"Hylophilus semicinereus","Aves","Passeriformes","Vireonidae","faunabr"
"Hylophilus thoracicus","Aves","Passeriformes","Vireonidae","faunabr"
"Hylophylax naevius","Aves","Passeriformes","Thamnophilidae","faunabr"
"Hypocnemoides maculicauda","Aves","Passeriformes","Thamnophilidae","faunabr"
"Icterus pyrrhopterus","Aves","Passeriformes","Icteridae","faunabr"
"Iodopleura isabellae","Aves","Passeriformes","Tityridae","faunabr"
"Isleria hauxwelli","Aves","Passeriformes","Thamnophilidae","faunabr"
"Jacamerops aureus","Aves","Galbuliformes","Galbulidae","faunabr"
"Kinosternon scorpioides","Reptilia","Testudines","Kinosternidae","faunabr"
"Knipolegus aterrimus","Aves","Passeriformes","Tyrannidae","faunabr"
"Larus fuscus","Aves","Charadriiformes","Laridae","faunabr"
"Laterallus flaviventer","Aves","Gruiformes","Rallidae","faunabr"
"Lepidothrix iris","Aves","Passeriformes","Pipridae","faunabr"
"Leucophaeus atricilla","Aves","Charadriiformes","Laridae","faunabr"
"Limnodromus griseus","Aves","Charadriiformes","Scolopacidae","faunabr"
"Loriotus luctuosus","Aves","Passeriformes","Thraupidae","faunabr"
"Machaeropterus pyrocephalus","Aves","Passeriformes","Pipridae","faunabr"
"Malacoptila rufa","Aves","Galbuliformes","Bucconidae","faunabr"
"Mastigodryas boddaerti","Reptilia","Squamata","Colubridae","faunabr"
"Microcerculus marginatus","Aves","Passeriformes","Troglodytidae","faunabr"
"Micropygia schomburgkii","Aves","Gruiformes","Rallidae","faunabr"
"Micrurus hemprichii","Reptilia","Squamata","Elapidae","faunabr"
"Micrurus spixii","Reptilia","Squamata","Elapidae","faunabr"
"Milvus migrans","Aves","Accipitriformes","Accipitridae","faunabr"
"Mimus gilvus","Aves","Passeriformes","Mimidae","faunabr"
"Mionectes oleagineus","Aves","Passeriformes","Rhynchocyclidae","faunabr"
"Monasa morphoeus","Aves","Galbuliformes","Bucconidae","faunabr"
"Monasa nigrifrons","Aves","Galbuliformes","Bucconidae","faunabr"
"Mustelirallus albicollis","Aves","Gruiformes","Rallidae","faunabr"
"Myiarchus tuberculifer","Aves","Passeriformes","Tyrannidae","faunabr"
"Myiopagis gaimardii","Aves","Passeriformes","Tyrannidae","faunabr"
"Myiozetetes luteiventris","Aves","Passeriformes","Tyrannidae","faunabr"
"Myrmoborus leucophrys","Aves","Passeriformes","Thamnophilidae","faunabr"
"Myrmoderus ruficauda","Aves","Passeriformes","Thamnophilidae","faunabr"
"Myrmophylax atrothorax","Aves","Passeriformes","Thamnophilidae","faunabr"
"Myrmorchilus strigilatus","Aves","Passeriformes","Thamnophilidae","faunabr"
"Myrmotherula axillaris","Aves","Passeriformes","Thamnophilidae","faunabr"
"Myrmotherula longipennis","Aves","Passeriformes","Thamnophilidae","faunabr"
"Myrmotherula menetriesii","Aves","Passeriformes","Thamnophilidae","faunabr"
"Nannochordeiles pusillus","Aves","Caprimulgiformes","Caprimulgidae","faunabr"
"Nannopterum brasilianus","Aves","Suliformes","Phalacrocoracidae","faunabr"
"Nengetus cinereus","Aves","Passeriformes","Tyrannidae","faunabr"
"Neomorphus geoffroyi","Aves","Cuculiformes","Cuculidae","faunabr"
"Nonnula ruficapilla","Aves","Galbuliformes","Bucconidae","faunabr"
"Notharchus hyperrhynchus","Aves","Galbuliformes","Bucconidae","faunabr"
"Notharchus tectus","Aves","Galbuliformes","Bucconidae","faunabr"
"Nyctibius grandis","Aves","Nyctibiiformes","Nyctibiidae","faunabr"
"Nyctidromus hirundinaceus","Aves","Caprimulgiformes","Caprimulgidae","faunabr"
"Nyctiprogne leucopyga","Aves","Caprimulgiformes","Caprimulgidae","faunabr"
"Onychoprion fuscatus","Aves","Charadriiformes","Sternidae","faunabr"
"Oreopholus ruficollis","Aves","Charadriiformes","Charadriidae","faunabr"
"Ortalis canicollis","Aves","Galliformes","Cracidae","faunabr"
"Ortalis guttata","Aves","Galliformes","Cracidae","faunabr"
"Pachyramphus rufus","Aves","Passeriformes","Tityridae","faunabr"
"Pelagodroma marina","Aves","Procellariiformes","Hydrobatidae","faunabr"
"Phaethon aethereus","Aves","Phaethontiformes","Phaethontidae","faunabr"
"Phaethon lepturus","Aves","Phaethontiformes","Phaethontidae","faunabr"
"Phaethornis margarettae","Aves","Apodiformes","Trochilidae","faunabr"
"Phaethornis superciliosus","Aves","Apodiformes","Trochilidae","faunabr"
"Pheugopedius coraya","Aves","Passeriformes","Troglodytidae","faunabr"
"Pheugopedius genibarbis","Aves","Passeriformes","Troglodytidae","faunabr"
"Philohydor lictor","Aves","Passeriformes","Tyrannidae","faunabr"
"Philydor erythrocercum","Aves","Passeriformes","Furnariidae","faunabr"
"Pionites leucogaster","Aves","Psittaciformes","Psittacidae","faunabr"
"Pipra aureola","Aves","Passeriformes","Pipridae","faunabr"
"Platalea leucorodia","Aves","Pelecaniformes","Threskiornithidae","faunabr"
"Platyrinchus saturatus","Aves","Passeriformes","Platyrinchidae","faunabr"
"Podager nacunda","Aves","Caprimulgiformes","Caprimulgidae","faunabr"
"Podicephorus major","Aves","Podicipediformes","Podicipedidae","faunabr"
"Poecilotriccus fumifrons","Aves","Passeriformes","Rhynchocyclidae","faunabr"
"Poecilotriccus sylvia","Aves","Passeriformes","Rhynchocyclidae","faunabr"
"Porphyriops melanops","Aves","Gruiformes","Rallidae","faunabr"
"Procnias averano","Aves","Passeriformes","Cotingidae","faunabr"
"Proechimys roberti","Mammalia","Rodentia","Echimyidae","faunabr"
"Pseudastur albicollis","Aves","Accipitriformes","Accipitridae","faunabr"
"Pseudoeryx plicatilis","Reptilia","Squamata","Dipsadidae","faunabr"
"Pseudopipra pipra","Aves","Passeriformes","Pipridae","faunabr"
"Pteroglossus bitorquatus","Aves","Piciformes","Ramphastidae","faunabr"
"Pteroglossus inscriptus","Aves","Piciformes","Ramphastidae","faunabr"
"Puffinus lherminieri","Aves","Procellariiformes","Procellariidae","faunabr"
"Pygiptila stellaris","Aves","Passeriformes","Thamnophilidae","faunabr"
"Pyriglena leuconota","Aves","Passeriformes","Thamnophilidae","faunabr"
"Pyriglena maura","Aves","Passeriformes","Thamnophilidae","faunabr"
"Ramphastos tucanus","Aves","Piciformes","Ramphastidae","faunabr"
"Rhinoclemmys punctularia","Reptilia","Testudines","Geoemydidae","faunabr"
"Rhynchocyclus olivaceus","Aves","Passeriformes","Rhynchocyclidae","faunabr"
"Saltator aurantiirostris","Aves","Passeriformes","Thraupidae","faunabr"
"Saltator grossus","Aves","Passeriformes","Thraupidae","faunabr"
"Saltator maximus","Aves","Passeriformes","Thraupidae","faunabr"
"Schiffornis turdina","Aves","Passeriformes","Tityridae","faunabr"
"Sclateria naevia","Aves","Passeriformes","Thamnophilidae","faunabr"
"Sclerurus caudacutus","Aves","Passeriformes","Scleruridae","faunabr"
"Sclerurus macconnelli","Aves","Passeriformes","Scleruridae","faunabr"
"Sclerurus rufigularis","Aves","Passeriformes","Scleruridae","faunabr"
"Scotomyias roraimae","Aves","Passeriformes","Tyrannidae","faunabr"
"Sicalis columbiana","Aves","Passeriformes","Thraupidae","faunabr"
"Stercorarius longicaudus","Aves","Charadriiformes","Stercorariidae","faunabr"
"Sternula antillarum","Aves","Charadriiformes","Sternidae","faunabr"
"Stigmatura budytoides","Aves","Passeriformes","Tyrannidae","faunabr"
"Stigmatura napensis","Aves","Passeriformes","Tyrannidae","faunabr"
"Stilpnia cyanicollis","Aves","Passeriformes","Thraupidae","faunabr"
"Sula sula","Aves","Suliformes","Sulidae","faunabr"
"Synallaxis gujanensis","Aves","Passeriformes","Furnariidae","faunabr"
"Synallaxis rutilans","Aves","Passeriformes","Furnariidae","faunabr"
"Synallaxis scutata","Aves","Passeriformes","Furnariidae","faunabr"
"Taeniotriccus andrei","Aves","Passeriformes","Rhynchocyclidae","faunabr"
"Tamatia tamatia","Aves","Galbuliformes","Bucconidae","faunabr"
"Tangara mexicana","Aves","Passeriformes","Thraupidae","faunabr"
"Terenotriccus erythrurus","Aves","Passeriformes","Onychorhynchidae","faunabr"
"Thamnomanes caesius","Aves","Passeriformes","Thamnophilidae","faunabr"
"Thamnophilus aethiops","Aves","Passeriformes","Thamnophilidae","faunabr"
"Thamnophilus amazonicus","Aves","Passeriformes","Thamnophilidae","faunabr"
"Thamnophilus palliatus","Aves","Passeriformes","Thamnophilidae","faunabr"
"Thectocercus acuticaudatus","Aves","Psittaciformes","Psittacidae","faunabr"
"Thinocorus rumicivorus","Aves","Charadriiformes","Thinocoridae","faunabr"
"Thraupis episcopus","Aves","Passeriformes","Thraupidae","faunabr"
"Tinamus tao","Aves","Tinamiformes","Tinamidae","faunabr"
"Todirostrum maculatum","Aves","Passeriformes","Rhynchocyclidae","faunabr"
"Tolmomyias assimilis","Aves","Passeriformes","Rhynchocyclidae","faunabr"
"Tolmomyias flaviventris","Aves","Passeriformes","Rhynchocyclidae","faunabr"
"Tolmomyias poliocephalus","Aves","Passeriformes","Rhynchocyclidae","faunabr"
"Touit purpuratus","Aves","Psittaciformes","Psittacidae","faunabr"
"Trinomys albispinus","Mammalia","Rodentia","Echimyidae","faunabr"
"Trogon collaris","Aves","Trogoniformes","Trogonidae","faunabr"
"Trogon curucui","Aves","Trogoniformes","Trogonidae","faunabr"
"Trogon ramonianus","Aves","Trogoniformes","Trogonidae","faunabr"
"Turdus nudigenis","Aves","Passeriformes","Turdidae","faunabr"
"Tyranniscus burmeisteri","Aves","Passeriformes","Tyrannidae","faunabr"
"Uroderma bilobatum","Mammalia","Chiroptera","Phyllostomidae","faunabr"
"Uropelia campestris","Aves","Columbiformes","Columbidae","faunabr"
"Urubitinga urubitinga","Aves","Accipitriformes","Accipitridae","faunabr"
"Veniliornis affinis","Aves","Piciformes","Picidae","faunabr"
"Veniliornis mixtus","Aves","Piciformes","Picidae","faunabr"
"Vireo chivi","Aves","Passeriformes","Vireonidae","faunabr"
"Xenodon rabdocephalus","Reptilia","Squamata","Dipsadidae","faunabr"
"Xiphocolaptes falcirostris","Aves","Passeriformes","Dendrocolaptidae","faunabr"
"Xiphocolaptes major","Aves","Passeriformes","Dendrocolaptidae","faunabr"
"Xiphorhynchus guttatoides","Aves","Passeriformes","Dendrocolaptidae","faunabr"
"Xiphorhynchus guttatus","Aves","Passeriformes","Dendrocolaptidae","faunabr"
"Xiphorhynchus obsoletus","Aves","Passeriformes","Dendrocolaptidae","faunabr"
"Brachycephalus pitanga","Amphibia","Anura","Brachycephalidae","gbif_faunabr"
"Sphaenorhynchus carneus","Amphibia","Anura","Hylidae","gbif_faunabr"
"Brachycephalus pulex","Amphibia","Anura","Brachycephalidae","gbif_faunabr"
"Pristimantis delius","Amphibia","Anura","Craugastoridae","gbif_faunabr"
"Boana geographicus","Amphibia","Anura","Hylidae","gbif_faunabr"
"Boana latistriatus","Amphibia","Anura","Hylidae","gbif_faunabr"
"Boana stenocephalus","Amphibia","Anura","Hylidae","gbif_faunabr"
"Harttia gracilis","Actinopterygii","Siluriformes","Loricariidae","gbif_faunabr"
"Chelonoidis denticulata","Reptilia","Testudines","Testudinidae","gbif_faunabr"
"Chiasmocleis alagoanus","Amphibia","Anura","Microhylidae","gbif_faunabr"
"Boana marginatus","Amphibia","Anura","Hylidae","gbif_faunabr"
"Carollia brevicauda","Mammalia","Chiroptera","Phyllostomidae","gbif_faunabr"
"Balaenoptera bonaërensis","Mammalia","Artiodactyla","Balaenopteridae","gbif_faunabr"
"Corallus hortulanus","Reptilia","Squamata","Boidae","gbif_faunabr"
"Pipa pipa","Amphibia","Anura","Pipidae","gbif_faunabr"
"Gardnerycteris crenulata","Mammalia","Chiroptera","Phyllostomidae","gbif_faunabr"
"Lasiurus blossevilli","Mammalia","Chiroptera","Vespertilionidae","gbif_faunabr"
"Ololygon agilis","Amphibia","Anura","Hylidae","gbif_only"
"Oreophylax moreirae","Aves","Passeriformes","Furnariidae","gbif_only"
"Dendrophryniscus haddadi","Amphibia","Anura","Bufonidae","gbif_only"
"Oxymycterus roberti","Mammalia","Rodentia","Cricetidae","gbif_only"
"Melanophryniscus stelzneri","Amphibia","Anura","Bufonidae","gbif_only"
"Salvator rufescens","Squamata",NA,"Teiidae","gbif_only"
"Micoureus paraguayanus","Mammalia","Didelphimorphia","Didelphidae","gbif_only"
"Brachycephalus quiririensis","Amphibia","Anura","Brachycephalidae","gbif_only"
"Cercomacra laeta","Aves","Passeriformes","Thamnophilidae","gbif_only"
"Eleutherodactylus planirostris","Amphibia","Anura","Eleutherodactylidae","gbif_only"
"Tropidurus lagunablanca","Squamata",NA,"Tropiduridae","gbif_only"
"Taubatornis campbelli","Aves","Accipitriformes","Cathartidae","gbif_only"
"Otaria byronia","Mammalia","Carnivora","Otariidae","gbif_only"
"Pleurodema borellii","Amphibia","Anura","Leptodactylidae","gbif_only"
"Pipile cumanensis","Aves","Galliformes","Cracidae","gbif_only"
"Lagenorhynchus acutus","Mammalia","Cetacea","Delphinidae","gbif_only"
"Ololygon melanodactyla","Amphibia","Anura","Hylidae","gbif_only"
"Anolis porcatus","Squamata",NA,"Dactyloidae","gbif_only"
"Vitreorana assuh","Amphibia","Anura","Centrolenidae","gbif_only"
"Centrolene buckleyi","Amphibia","Anura","Centrolenidae","gbif_only"
"Eimeria ferreirai","Aves","Columbiformes","Columbidae","gbif_only"
"Ololygon heyeri","Amphibia","Anura","Hylidae","gbif_only"
"Pipra rubrocapilla","Aves","Passeriformes","Pipridae","gbif_only"
"Glaucomastix abaetensis","Squamata",NA,"Teiidae","gbif_only"
"Chironius gouveai","Squamata",NA,"Colubridae","gbif_only"
"Trogon strigilatus","Aves","Trogoniformes","Trogonidae","gbif_only"
"Waincophis cameratus","Squamata",NA,"Boidae","gbif_only"
"Ameivula abalosi","Squamata",NA,"Teiidae","gbif_only"
"Oxymycterus misionalis","Mammalia","Rodentia","Cricetidae","gbif_only"
"Cercomacra tyrannina","Aves","Passeriformes","Thamnophilidae","gbif_only"
"Anthus chacoensis","Aves","Passeriformes","Motacillidae","gbif_only"
"Bothrops asper","Squamata",NA,"Viperidae","gbif_only"
"Didelphopsis cabrerai","Mammalia","Didelphimorphia","Didelphidae","gbif_only"
"Artibeus fraterculus","Mammalia","Chiroptera","Phyllostomidae","gbif_only"
"Curaeus forbesi","Aves","Passeriformes","Icteridae","gbif_only"
"Ophiodes intermedius","Squamata",NA,"Diploglossidae","gbif_only"
"Natalus stramineus","Mammalia","Chiroptera","Natalidae","gbif_only"
"Ololygon carnevallii","Amphibia","Anura","Hylidae","gbif_only"
"Phyllopezus diamantino","Squamata",NA,"Phyllodactylidae","gbif_only"
"Akodon varius","Mammalia","Rodentia","Cricetidae","gbif_only"
"Phyllodytes megatympanum","Amphibia","Anura","Hylidae","gbif_only"
"Nasua narica","Mammalia","Carnivora","Procyonidae","gbif_only"
"Dasypterus ega","Mammalia","Chiroptera","Vespertilionidae","gbif_only"
"Eulampis jugularis","Aves","Apodiformes","Trochilidae","gbif_only"
"Adelophryne glandulata","Amphibia","Anura","Eleutherodactylidae","gbif_only"
"Scinax tropicalia","Amphibia","Anura","Hylidae","gbif_only"
"Anolis equestris","Squamata",NA,"Dactyloidae","gbif_only"
"Ololygon strigilata","Amphibia","Anura","Hylidae","gbif_only"
"Hyloscirtus platydactylus","Amphibia","Anura","Hylidae","gbif_only"
"Nyctibius jamaicensis","Aves","Nyctibiiformes","Nyctibiidae","gbif_only"
"Jacana spinosa","Aves","Charadriiformes","Jacanidae","gbif_only"
"Vitreorana baliomma","Amphibia","Anura","Centrolenidae","gbif_only"
"Chaetura andrei","Aves","Apodiformes","Apodidae","gbif_only"
"Megaelosia boticariana","Amphibia","Anura","Hylodidae","gbif_only"
"Erythrolamprus bizona","Squamata",NA,"Colubridae","gbif_only"
"Nothoprocta cinerascens","Aves","Tinamiformes","Tinamidae","gbif_only"
"Buteo ventralis","Aves","Accipitriformes","Accipitridae","gbif_only"
"Coccyzus cinereus","Aves","Cuculiformes","Cuculidae","gbif_only"
"Ololygon peixotoi","Amphibia","Anura","Hylidae","gbif_only"
"Proceratophrys pombali","Amphibia","Anura","Odontophrynidae","gbif_only"
"Bothrops lanceolatus","Squamata",NA,"Viperidae","gbif_only"
"Periprotodidelphis bergqvistae","Mammalia","Didelphimorphia","Protodidelphidae","gbif_only"
"Sylvilagus tapetillus","Mammalia","Lagomorpha","Leporidae","gbif_only"
"Chacophrys pierottii","Amphibia","Anura","Ceratophryidae","gbif_only"
"Anisolepis longicauda","Squamata",NA,"Leiosauridae","gbif_only"
"Brasilemys josai","Testudines",NA,"Podocnemididae","gbif_only"
"Micronycteris brosseti","Mammalia","Chiroptera","Phyllostomidae","gbif_only"
"Gallus gallus","Aves","Galliformes","Phasianidae","gbif_only"
"Sakesphorus cristatus","Aves","Passeriformes","Thamnophilidae","gbif_only"
"Sciurus spadiceus","Mammalia","Rodentia","Sciuridae","gbif_only"
"Anolis meridionalis","Squamata",NA,"Dactyloidae","gbif_only"
"Brasiliscincus caissara","Squamata",NA,"Scincidae","gbif_only"
"Chlorospingus pileatus","Aves","Passeriformes","Passerellidae","gbif_only"
"Pulsatrix melanota","Aves","Strigiformes","Strigidae","gbif_only"
"Psittacula eupatria","Aves","Psittaciformes","Psittacidae","gbif_only"
"Apostolepis mariae","Squamata",NA,"Colubridae","gbif_only"
"Porzana spiloptera","Aves","Gruiformes","Rallidae","gbif_only"
"Ramphastos ariel","Aves","Piciformes","Ramphastidae","gbif_only"
"Columbina inca","Aves","Columbiformes","Columbidae","gbif_only"
"Physalaemus carrizorum","Amphibia","Anura","Leptodactylidae","gbif_only"
"Dendropsophus tapacurensis","Amphibia","Anura","Hylidae","gbif_only"
"Anolis ortonii","Squamata",NA,"Dactyloidae","gbif_only"
"Pecari pecari","Mammalia","Artiodactyla","Tayassuidae","gbif_only"
"Akodon serrensis","Mammalia","Rodentia","Cricetidae","gbif_only"
"Anser cygnoides","Aves","Anseriformes","Anatidae","gbif_only"
"Ololygon littoreus","Amphibia","Anura","Hylidae","gbif_only"
"Leopardus guigna","Mammalia","Carnivora","Felidae","gbif_only"
"Sphiggurus villosus","Mammalia","Rodentia","Erethizontidae","gbif_only"
"Artibeus jamaicensis","Mammalia","Chiroptera","Phyllostomidae","gbif_only"
"Phyllotis xanthopygus","Mammalia","Rodentia","Cricetidae","gbif_only"
"Synallaxis brachyura","Aves","Passeriformes","Furnariidae","gbif_only"
"Ischnocnema feioi","Amphibia","Anura","Brachycephalidae","gbif_only"
"Ischnocnema parnaso","Amphibia","Anura","Brachycephalidae","gbif_only"
"Gallinago gallinago","Aves","Charadriiformes","Scolopacidae","gbif_only"
"Liolaemus wiegmannii","Squamata",NA,"Liolaemidae","gbif_only"
"Odontophrynus juquinha","Amphibia","Anura","Odontophrynidae","gbif_only"
"Proceratophrys itamari","Amphibia","Anura","Odontophrynidae","gbif_only"
"Pseudopaludicola restinga","Amphibia","Anura","Leptodactylidae","gbif_only"
"Brucepattersonius paradisus","Mammalia","Rodentia","Cricetidae","gbif_only"
"Colobosaura kraepelini","Squamata",NA,"Gymnophthalmidae","gbif_only"
"Tropidophis taczanowskyi","Squamata",NA,"Tropidophiidae","gbif_only"
"Bucco tamatia","Aves","Piciformes","Bucconidae","gbif_only"
"Plegadis falcinellus","Aves","Pelecaniformes","Threskiornithidae","gbif_only"
"Sphaenorhynchus platycephalus","Amphibia","Anura","Hylidae","gbif_only"
"Helicops nentur","Squamata",NA,"Colubridae","gbif_only"
"Dendropsophus nekronastes","Amphibia","Anura","Hylidae","gbif_only"
"Ololygon kautskyi","Amphibia","Anura","Hylidae","gbif_only"
"Ololygon flavoguttata","Amphibia","Anura","Hylidae","gbif_only"
"Ololygon humilis","Amphibia","Anura","Hylidae","gbif_only"
"Ololygon obtriangulata","Amphibia","Anura","Hylidae","gbif_only"
"Ololygon albicans","Amphibia","Anura","Hylidae","gbif_only"
"Apostolepis thalesdelemai","Squamata",NA,"Colubridae","gbif_only"
"Glaucidium nana","Aves","Strigiformes","Strigidae","gbif_only"
"Synallaxis cinnamomea","Aves","Passeriformes","Furnariidae","gbif_only"
"Artibeus glaucus","Mammalia","Chiroptera","Phyllostomidae","gbif_only"
"Phyllodytes magnus","Amphibia","Anura","Hylidae","gbif_only"
"Gallinula melanops","Aves","Gruiformes","Rallidae","gbif_only"
"Ololygon faivovichi","Amphibia","Anura","Hylidae","gbif_only"
"Proceratophrys mantiqueira","Amphibia","Anura","Odontophrynidae","gbif_only"
"Ololygon ranki","Amphibia","Anura","Hylidae","gbif_only"
"Sphiggurus insidiosus","Mammalia","Rodentia","Erethizontidae","gbif_only"
"Ololygon belloni","Amphibia","Anura","Hylidae","gbif_only"
"Batrachemys tuberculata","Testudines",NA,"Chelidae","gbif_only"
"Brasiliscincus heathi","Squamata",NA,"Scincidae","gbif_only"
"Cercosaura olivacea","Squamata",NA,"Gymnophthalmidae","gbif_only"
"Riolestes capricornicus","Mammalia","Paucituberculata",NA,"gbif_only"
"Physalaemus fernandezae","Amphibia","Anura","Leptodactylidae","gbif_only"
"Chordeiles pusillus","Aves","Caprimulgiformes","Caprimulgidae","gbif_only"
"Myrmeciza loricata","Aves","Passeriformes","Thamnophilidae","gbif_only"
"Felis catus","Mammalia","Carnivora","Felidae","gbif_only"
"Sphiggurus spinosus","Mammalia","Rodentia","Erethizontidae","gbif_only"
"Sturnella militaris","Aves","Passeriformes","Icteridae","gbif_only"
"Glaucomastix littoralis","Squamata",NA,"Teiidae","gbif_only"
"Loddigesia mirabilis","Aves","Apodiformes","Trochilidae","gbif_only"
"Lanius senator","Aves","Passeriformes","Laniidae","gbif_only"
"Clyomys bishopi","Mammalia","Rodentia","Echimyidae","gbif_only"
"Elaenia martinica","Aves","Passeriformes","Tyrannidae","gbif_only"
"Leptodactylus poecilochilus","Amphibia","Anura","Leptodactylidae","gbif_only"
"Tijuca atra","Aves","Passeriformes","Cotingidae","gbif_only"
"Pseudopaludicola florencei","Amphibia","Anura","Leptodactylidae","gbif_only"
"Laterallus albigularis","Aves","Gruiformes","Rallidae","gbif_only"
"Equus caballus","Mammalia","Perissodactyla","Equidae","gbif_only"
"Campephilus magellanicus","Aves","Piciformes","Picidae","gbif_only"
"Ololygon cosenzai","Amphibia","Anura","Hylidae","gbif_only"
"Hylaeamys laticeps","Mammalia","Rodentia","Cricetidae","gbif_only"
"Micoureus demerarae","Mammalia","Didelphimorphia","Didelphidae","gbif_only"
"Oressochen jubatus","Aves","Anseriformes","Anatidae","gbif_only"
"Proceratophrys gladius","Amphibia","Anura","Odontophrynidae","gbif_only"
"Enyalius boulengeri","Squamata",NA,"Leiosauridae","gbif_only"
"Epictia australis","Squamata",NA,"Leptotyphlopidae","gbif_only"
"Myrmeciza ruficauda","Aves","Passeriformes","Thamnophilidae","gbif_only"
"Brucepattersonius guarani","Mammalia","Rodentia","Cricetidae","gbif_only"
"Chiasmocleis bicegoi","Amphibia","Anura","Microhylidae","gbif_only"
"Calyptommatus frontalis","Squamata",NA,"Gymnophthalmidae","gbif_only"
"Nyctimantis arapapa","Amphibia","Anura","Hylidae","gbif_only"
"Megaelosia bocainensis","Amphibia","Anura","Hylodidae","gbif_only"
"Akodon affinis","Mammalia","Rodentia","Cricetidae","gbif_only"
"Phyllodytes amadoi","Amphibia","Anura","Hylidae","gbif_only"
"Odontophrynus toledoi","Amphibia","Anura","Odontophrynidae","gbif_only"
"Myrmeciza pelzelni","Aves","Passeriformes","Thamnophilidae","gbif_only"
"Pseudopaludicola pusilla","Amphibia","Anura","Leptodactylidae","gbif_only"
"Lagostomus maximus","Mammalia","Rodentia","Chinchillidae","gbif_only"
"Ololygon ariadne","Amphibia","Anura","Hylidae","gbif_only"
"Pseudopaludicola atragula","Amphibia","Anura","Leptodactylidae","gbif_only"
"Craugastor fitzingeri","Amphibia","Anura","Craugastoridae","gbif_only"
"Lepus europaeus","Mammalia","Lagomorpha","Leporidae","gbif_only"
"Himantopus himantopus","Aves","Charadriiformes","Recurvirostridae","gbif_only"
"Chunga burmeisteri","Aves","Cariamiformes","Cariamidae","gbif_only"
"Paraungaliophis pricei","Squamata",NA,"Boidae","gbif_only"
"Eupetomena cirrochloris","Aves","Apodiformes","Trochilidae","gbif_only"
"Julianus pinimus","Amphibia","Anura","Hylidae","gbif_only"
"Piranga hepatica","Aves","Passeriformes","Cardinalidae","gbif_only"
"Ololygon machadoi","Amphibia","Anura","Hylidae","gbif_only"
"Ololygon jureia","Amphibia","Anura","Hylidae","gbif_only"
"Ololygon luizotavioi","Amphibia","Anura","Hylidae","gbif_only"
"Ololygon muriciensis","Amphibia","Anura","Hylidae","gbif_only"
"Ololygon trapicheiroi","Amphibia","Anura","Hylidae","gbif_only"
"Ololygon centralis","Amphibia","Anura","Hylidae","gbif_only"
"Marmosopsis juradoi","Mammalia","Didelphimorphia","Didelphidae","gbif_only"
"Mabuya mabouya","Squamata",NA,"Scincidae","gbif_only"
"Thylamys pusillus","Mammalia","Didelphimorphia","Didelphidae","gbif_only"
"Corallus priscus","Squamata",NA,"Boidae","gbif_only"
"Anolis fuscoauratus","Squamata",NA,"Dactyloidae","gbif_only"
"Lestodon armatus","Mammalia","Pilosa","Mylodontidae","gbif_only"
"Anolis nasofrontalis","Squamata",NA,"Dactyloidae","gbif_only"
"Copeoglossum nigropunctatum","Squamata",NA,"Scincidae","gbif_only"
"Dendrophryniscus jureia","Amphibia","Anura","Bufonidae","gbif_only"
"Eimeria akodonensis","Aves","Columbiformes","Columbidae","gbif_only"
"Phyllodytes praeceptor","Amphibia","Anura","Hylidae","gbif_only"
"Ololygon v-signata","Amphibia","Anura","Hylidae","gbif_only"
"Xenops genibarbis","Aves","Passeriformes","Furnariidae","gbif_only"
"Lama glama","Mammalia","Artiodactyla","Camelidae","gbif_only"
"Megaelosia apuana","Amphibia","Anura","Hylodidae","gbif_only"
"Dendropsophus bromeliaceus","Amphibia","Anura","Hylidae","gbif_only"
"Mareca sibilatrix","Aves","Anseriformes","Anatidae","gbif_only"
"Zachaenus parvulus","Amphibia","Anura","Cycloramphidae","gbif_only"
"Aratinga mitrata","Aves","Psittaciformes","Psittacidae","gbif_only"
"Herpsilochmus sellowi","Aves","Passeriformes","Thamnophilidae","gbif_only"
"Chlorosoma laticeps","Squamata",NA,"Colubridae","gbif_only"
"Carollia castanea","Mammalia","Chiroptera","Phyllostomidae","gbif_only"
"Sphaenorhynchus canga","Amphibia","Anura","Hylidae","gbif_only"
"Akodon aerosus","Mammalia","Rodentia","Cricetidae","gbif_only"
"Spheniscus humboldti","Aves","Sphenisciformes","Spheniscidae","gbif_only"
"Boana cambui","Amphibia","Anura","Hylidae","gbif_only"
"Amphisbaena occidentalis","Squamata",NA,"Amphisbaenidae","gbif_only"
"Physalaemus santafecinus","Amphibia","Anura","Leptodactylidae","gbif_only"
"Chiasmocleis lacrimae","Amphibia","Anura","Microhylidae","gbif_only"
"Rhinella casconi","Amphibia","Anura","Bufonidae","gbif_only"
"Ololygon longilinea","Amphibia","Anura","Hylidae","gbif_only"
"Pristimantis rupicola","Amphibia","Anura","Craugastoridae","gbif_only"
"Glaucomastix venetacauda","Squamata",NA,"Teiidae","gbif_only"
"Glaucomastix itabaianensis","Squamata",NA,"Teiidae","gbif_only"
"Cavia porcellus","Mammalia","Rodentia","Caviidae","gbif_only"
"Odontophrynus reigi","Amphibia","Anura","Odontophrynidae","gbif_only"
"Psilops mucugensis","Squamata",NA,"Gymnophthalmidae","gbif_only"
"Uberabatrachus carvalhoi","Amphibia","Anura","Ceratophryidae","gbif_only"
"Melanerpes pulcher","Aves","Piciformes","Picidae","gbif_only"
"Bobbschaefferia fluminensis","Mammalia","Didelphimorphia","Protodidelphidae","gbif_only"
"Anolis pseudotigrinus","Squamata",NA,"Dactyloidae","gbif_only"
"Agapornis roseicollis","Aves","Psittaciformes","Psittacidae","gbif_only"
"Apostolepis dorbignyi","Squamata",NA,"Colubridae","gbif_only"
"Sclerurus mexicanus","Aves","Passeriformes","Furnariidae","gbif_only"
"Epicrates alvarezi","Squamata",NA,"Boidae","gbif_only"
"Goldmania violiceps","Aves","Apodiformes","Trochilidae","gbif_only"
"Physalaemus araxa","Amphibia","Anura","Leptodactylidae","gbif_only"
"Chenonetta jubata","Aves","Anseriformes","Anatidae","gbif_only"
"Hechtophis austrinus","Squamata",NA,"Boidae","gbif_only"
"Podocnemis harrisi","Testudines",NA,"Podocnemididae","gbif_only"
"Leopardus colocolo","Mammalia","Carnivora","Felidae","gbif_only"
"Agapornis fischeri","Aves","Psittaciformes","Psittacidae","gbif_only"
"Corvus splendens","Aves","Passeriformes","Corvidae","gbif_only"
"Ololygon tripui","Amphibia","Anura","Hylidae","gbif_only"
"Myotis keaysi","Mammalia","Chiroptera","Vespertilionidae","gbif_only"
"Cranioleuca sulphurifera","Aves","Passeriformes","Furnariidae","gbif_only"
"Crossodactylus franciscanus","Amphibia","Anura","Hylodidae","gbif_only"
"Anurolimnas viridis","Aves","Gruiformes","Rallidae","gbif_only"
"Dasyprocta punctata","Mammalia","Rodentia","Dasyproctidae","gbif_only"
"Copeoglossum arajara","Squamata",NA,"Scincidae","gbif_only"
"Xiphorhynchus picus","Aves","Passeriformes","Furnariidae","gbif_only"
"Breviceps gibbosus","Amphibia","Anura","Brevicipitidae","gbif_only"
"Zachaenus carvalhoi","Amphibia","Anura","Cycloramphidae","gbif_only"
"Oligoryzomys fornesi","Mammalia","Rodentia","Cricetidae","gbif_only"
"Adelophrnne nordestina","Amphibia","Anura","Eleutherodactylidae","gbif_only"
"Julianus uruguayus","Amphibia","Anura","Hylidae","gbif_only"
"Notiochelidon cyanoleuca","Aves","Passeriformes","Hirundinidae","gbif_only"
"Ololygon caissara","Amphibia","Anura","Hylidae","gbif_only"
"Basiliscus vittatus","Squamata",NA,"Corytophanidae","gbif_only"
"Psychosaura macrorhyncha","Squamata",NA,"Scincidae","gbif_only"
"Euphonia musica","Aves","Passeriformes","Fringillidae","gbif_only"
"Ololygon canastrensis","Amphibia","Anura","Hylidae","gbif_only"
"Ololygon alcatraz","Amphibia","Anura","Hylidae","gbif_only"
"Nandayus nenday","Aves","Psittaciformes","Psittacidae","gbif_only"
"Leucopternis schistaceus","Aves","Accipitriformes","Accipitridae","gbif_only"
"Cardioderma cor","Mammalia","Chiroptera","Megadermatidae","gbif_only"
"Brasiliscincus agilis","Squamata",NA,"Scincidae","gbif_only"
"Aratinga aurea","Aves","Psittaciformes","Psittacidae","gbif_only"
"Stigmatura bahiae","Aves","Passeriformes","Tyrannidae","gbif_only"
"Ischnocnema garciai","Amphibia","Anura","Brachycephalidae","gbif_only"
"Mitu mitu","Aves","Galliformes","Cracidae","gbif_only"
"Waincophis pressulus","Squamata",NA,"Boidae","gbif_only"
"Ololygon hiemalis","Amphibia","Anura","Hylidae","gbif_only"
"Enyalius capetinga","Squamata",NA,"Leiosauridae","gbif_only"
"Psychosaura agmosticha","Squamata",NA,"Scincidae","gbif_only"
"Anolis neglectus","Squamata",NA,"Dactyloidae","gbif_only"
"Necromys temchuki","Mammalia","Rodentia","Cricetidae","gbif_only"
"Ischnocnema colibri","Amphibia","Anura","Brachycephalidae","gbif_only"
"Vultur gryphus","Aves","Accipitriformes","Cathartidae","gbif_only"
"Ololygon aromothyella","Amphibia","Anura","Hylidae","gbif_only"
"Myrmotherula luctuosa","Aves","Passeriformes","Thamnophilidae","gbif_only"
"Pyrrhura lepida","Aves","Psittaciformes","Psittacidae","gbif_only"
"Ololygon arduous","Amphibia","Anura","Hylidae","gbif_only"
"Rhinella stanlaii","Amphibia","Anura","Bufonidae","gbif_only"
"Brucepattersonius misionensis","Mammalia","Rodentia","Cricetidae","gbif_only"
"Pipile cujubi","Aves","Galliformes","Cracidae","gbif_only"
"Anolis brasiliensis","Squamata",NA,"Dactyloidae","gbif_only"
"Eleothreptus candicans","Aves","Caprimulgiformes","Caprimulgidae","gbif_only"
"Furnarius cristatus","Aves","Passeriformes","Furnariidae","gbif_only"
"Phyllopezus selmae","Squamata",NA,"Phyllodactylidae","gbif_only"
"Pseudopaludicola coracoralinae","Amphibia","Anura","Leptodactylidae","gbif_only"
"Phalotris nigrilatus","Squamata",NA,"Colubridae","gbif_only"
